年月日,降雪量合計(cm),降雪量合計(cm),平均気温(℃),最低気温(℃),最高気温(℃),降水量の合計(mm),降水量の合計(mm),日照時間(時間),日照時間(時間),平均現地気圧(hPa),天気概況(夜：18時～翌日06時),天気概況(昼：06時～18時),平均雲量(10分比),平均蒸気圧(hPa),合計全天日射量(MJ/㎡),平均風速(m/s)
2017/1/1,0,1,-2,-5.7,1.6,0,0,0.8,0,1016,曇一時雪,曇後晴,9.5,3.7,4.38,1.3
2017/1/2,0,1,0.1,-2.9,3.3,0,0,2.6,0,1011.6,曇後雪,曇時々晴,7.3,3.9,4.59,1.7
2017/1/3,6,0,-1.2,-3.7,0.8,2,0,0.6,0,1011.2,曇一時雪,雪一時曇,10,4.7,3.4,1.6
2017/1/4,8,0,-2.5,-4.7,-0.6,3,0,0,0,1010.7,曇時々雪,曇後雪一時晴,10,4.2,3.46,1.3
2017/1/5,0,1,-4.1,-6,-2.8,1,0,1.1,0,1017.2,晴後雪,雪時々曇一時晴,9.5,3.2,4.05,2.2
2017/1/6,3,0,-4.3,-7.2,-1.2,1.5,0,4.8,0,1019.5,晴,晴時々曇一時雪,8.8,3.3,7.09,1.6
2017/1/7,1,0,-1.2,-6.2,3.5,0.5,0,4.3,0,1013.8,雪時々曇,晴時々曇一時雪,6.5,3.7,6.14,2.9
2017/1/8,0,1,-2.7,-6.1,-0.3,0.5,0,5.9,0,1015.5,晴後曇,雪時々曇後晴,5.3,3.3,7.43,2.4
2017/1/9,4,0,-1.2,-4.2,1,5,0,0,0,1001.2,曇時々雪一時みぞれ,雪後時々曇,10,4.8,1.84,1.7
2017/1/10,0,1,-4.2,-8,-0.4,0.5,0,3.1,0,1004,雪時々曇一時晴,雪一時曇,7,2.7,5.67,3.6
2017/1/11,1,0,-8.5,-9.8,-6.7,0.5,0,1.4,0,1002.6,雪一時曇,雪時々曇,10,1.9,4.8,3.2
2017/1/12,7,0,-8.6,-10.4,-7.4,6,0,0.3,0,995.9,雪後時々晴,雪,10,2.4,4.06,1.6
2017/1/13,2,0,-8.1,-11.7,-4.8,1.5,0,5.1,0,999.2,晴後曇,晴時々雪,4.5,2.4,6.79,1.2
2017/1/14,0,1,-7.7,-11.5,-5,0,1,4.6,0,998.9,晴後時々雪,曇時々晴,7.8,2.3,7.68,1.6
2017/1/15,3,0,-5.5,-9.4,-1.5,1.5,0,3.4,0,999.8,曇一時雪,晴時々雪,8.3,3.2,6.06,1.1
2017/1/16,0,1,-0.1,-3.1,1.9,0,0,0,0,1008.3,晴一時曇,曇,9,3.8,4.42,4.9
2017/1/17,0,1,-3,-7,-0.3,0.5,0,2.8,0,1020.4,雪一時曇,晴後曇,8,2.9,6.57,2
2017/1/18,7,0,-2.4,-4.5,-0.1,1,0,0,0,1021.2,曇後雪,曇時々雪,10,3.5,4.7,1.7
2017/1/19,6,0,-2.6,-5.3,0.5,4.5,0,0.9,0,1014.5,曇時々晴,雪時々晴、あられを伴う,8.8,4,4.89,2.2
2017/1/20,2,0,-4,-7,-1.1,1,0,2.4,0,1012,晴,晴時々雪,7.5,3.4,5.35,1.6
2017/1/21,0,1,-4.9,-9.2,-1.8,0,0,4.4,0,1015.6,晴時々曇,曇時々晴,4.5,2.7,6.82,2.2
2017/1/22,11,0,-5.6,-8.4,-2.8,7,0,0,0,1007,雪時々曇,曇後雪,9.3,3.2,2.92,1.7
2017/1/23,8,0,-5,-9.1,-2.7,4.5,0,1.4,0,1005.2,曇時々雪一時晴,雪時々曇一時晴,8.3,2.8,5.15,4.1
2017/1/24,8,0,-9.1,-12.8,-5,6,0,4,0,1013.4,雪,晴後雪、あられを伴う,7.3,2.2,6.42,1.7
2017/1/25,5,0,-5.5,-8.9,-2.2,2.5,0,4,0,1017.9,曇時々晴一時雪,雪時々曇後晴,8,2.8,8.09,1.7
2017/1/26,0,1,-2.4,-5.3,1,0,0,6.8,0,1018.2,晴時々曇後雪,晴一時曇,6.5,3.3,9.25,2.4
2017/1/27,2,0,0.7,-5.3,4.7,8,0,0.2,0,1003.3,雪,雨後一時雪,9,4.9,2.53,6.7
2017/1/28,7,0,-4.3,-5.7,-2.2,5.5,0,0,0,1013.7,曇一時雪後晴,雪,10,3.1,3.85,3.3
2017/1/29,0,1,-2.7,-6.8,-0.4,0,1,6.6,0,1017.5,曇後雪,曇時々晴,5.8,2.7,9.23,2
2017/1/30,1,0,-3.2,-4.5,-1.2,0,0,0.3,0,1005.6,雪時々晴、あられを伴う,曇時々雪,10,3.4,5.32,3.5
2017/1/31,14,0,-5,-7.7,-1.9,8.5,0,5.4,0,1012.8,曇時々雪一時晴,雪後晴、あられを伴う,7.3,2.9,8.49,2.5
2017/2/1,7,0,-4.1,-7.9,0.9,3.5,0,3.2,0,1005.2,雪時々曇,雪時々曇,8.3,3.2,6.56,4
2017/2/2,8,0,-7.7,-8.9,-5.7,6,0,2.2,0,1003,雪時々曇,雪,9.5,2.2,7.51,6.2
2017/2/3,0,1,-4.6,-8,-1.8,1,0,3.6,0,1008.8,雪時々曇,晴時々雪一時曇,9,2.6,8.81,3.8
2017/2/4,0,1,-0.1,-2.5,2.2,0,0,3.3,0,1011.2,晴時々曇,曇時々雪一時晴,9.5,3.5,8.64,4.1
2017/2/5,0,1,-0.4,-5.3,2.3,0,1,8.7,0,1008.8,曇一時晴,晴後時々薄曇,7,3.5,10.94,2.4
2017/2/6,0,1,-0.8,-3.5,2.3,0,1,0,0,999,曇一時晴,曇,10,3.6,5.2,3
2017/2/7,4,0,-3.1,-4.5,-1.9,2,0,1,0,1004.7,雪時々曇一時晴,雪時々曇一時晴,10,3.2,6.02,5.2
2017/2/8,3,0,-1.2,-3.9,0.3,1.5,0,0.2,0,1005.9,曇後時々晴,曇時々雪,10,3.2,5.33,4.7
2017/2/9,0,1,-0.9,-6.1,2.8,0,1,5.9,0,1002.8,晴後曇,晴時々曇,6.8,3.5,9.91,2
2017/2/10,0,1,-1.5,-3.6,1.3,0,1,2.4,0,997,薄曇,曇,10,3.3,8.06,2.3
2017/2/11,0,1,-1.7,-6,1.2,0,0,2.7,0,1000.5,雪,曇後一時雪,10,3.9,8.62,3.6
2017/2/12,3,0,1,-0.2,2,2,0,0,0,1008.1,曇時々雪,雪時々曇,10,5.4,6.36,5.5
2017/2/13,0,1,1,0.1,2.6,1,0,1.7,0,1016.2,雪時々曇、みぞれを伴う,雪時々曇,10,5.1,8.76,5
2017/2/14,7,0,-0.2,-0.8,1.2,6,0,0.1,0,1017.8,雪後曇一時晴,雪,10,5,5.83,3.6
2017/2/15,0,1,-0.6,-3.7,3.2,0,0,2.4,0,1017.4,晴時々曇,曇時々晴,3.5,3.8,7.28,1.7
2017/2/16,0,1,2.5,-3.6,8.1,0,0,3.9,0,1011.1,曇時々雨,曇後一時雨,9,5.2,9.4,4.5
2017/2/17,8,0,0.8,-5.2,8.3,5.5,0,0,0,1001.1,雪一時曇,雪一時曇、みぞれを伴う,9.8,4.9,1.65,4.4
2017/2/18,1,0,-6,-8.4,-3.7,1,0,5.1,0,1005.6,晴時々曇後雪,晴時々雪,7.5,2.1,10.16,4.3
2017/2/19,2,0,-4.9,-7.1,-1.7,1,0,4.9,0,1007.8,晴時々曇,雪後晴,7.3,2.6,10.7,3.5
2017/2/20,3,0,-4.2,-7.6,-0.8,3.5,0,1.6,0,1001.6,雪一時曇,薄曇後雪,8.3,3.2,6.41,2.8
2017/2/21,5,0,-4.6,-7.1,-2.6,4.5,0,1.2,0,1009.9,曇時々雪一時晴,雪時々曇,10,2.8,7.08,7.2
2017/2/22,0,1,-1.8,-7,0.8,0,0,4.9,0,1016.3,薄曇,薄曇,10,3.2,10.21,2.5
2017/2/23,3,0,1,-1.8,3.3,1.5,0,1.3,0,997.6,雪一時曇,曇時々雨、みぞれを伴う,9.8,5.2,7.06,4.9
2017/2/24,6,0,-1.7,-3.5,0.3,4.5,0,4.7,0,1002.9,晴一時雪,雪時々曇一時晴,8.3,3.4,11.81,6
2017/2/25,13,0,-1.8,-4.9,1.6,6,0,5.2,0,1007.8,雪後時々晴,曇時々雪,10,3.9,10.59,2.4
2017/2/26,15,0,-5.1,-7.6,-2.8,7,0,1.5,0,1014.7,曇時々雪,雪時々曇,8.5,3,6.98,3.3
2017/2/27,0,1,-5.2,-10.8,-0.3,0,0,8.3,0,1024.2,快晴,晴一時雪,2.5,2.6,15.34,1.6
2017/2/28,0,1,-1,-8.4,4.1,0,1,7,0,1022.5,曇時々晴,晴後時々曇,4,3.4,14.12,2.6
2017/3/1,0,1,3.1,-1.1,6.7,0.5,0,4.8,0,1015.7,曇一時雨,曇後雨,8,5,11.59,4.1
2017/3/2,0,1,4.5,2,7.5,0,1,6.3,0,1006.6,曇後雨、みぞれを伴う,薄曇一時晴,10,5.9,13.75,3.9
2017/3/3,3,0,0.1,-3.1,3.5,4,0,0.8,0,1003.7,曇後晴一時雪,雪一時雨,10,4.6,5.93,6.5
2017/3/4,0,1,-2.6,-4.6,-0.2,0,0,5.7,0,1009,晴時々雪,晴時々雪,5.5,2.6,11.66,3.3
2017/3/5,0,1,-1.6,-4.5,1.2,0,0,7.5,0,1009.1,晴時々曇一時雪,晴後時々雪,6.8,2.4,14.63,3.1
2017/3/6,1,0,-1.5,-5,1.1,0,0,9.1,0,1002.4,曇時々雪,晴後薄曇,6.8,3,15.59,2
2017/3/7,7,0,-1,-2.7,1.8,2.5,0,5.3,0,995.2,晴一時雪,晴時々曇一時雪,8.5,3.3,13.21,2.5
2017/3/8,0,1,-1.4,-5.7,1.4,0.5,0,5.1,0,995.1,曇一時晴,晴後曇一時雪,5,3.4,12.25,2.1
2017/3/9,1,0,-0.1,-3.2,3.4,0,0,3.9,0,997,曇時々雪,曇一時雪,9.8,3.7,12.2,1.6
2017/3/10,6,0,-0.3,-1.8,1.2,3.5,0,0.9,0,1004.3,晴時々曇後雪,曇時々雪,9.8,4.4,7.21,2.7
2017/3/11,12,0,0.5,-1.8,4,9,0,8.1,0,1016.7,晴,晴一時雪,5.8,4.5,17.56,1.9
2017/3/12,0,1,0.1,-4.1,4,0,0,10.9,0,1020.7,晴,晴,0.8,3.7,19.05,1.8
2017/3/13,0,1,0.8,-4,5.5,0,1,10.1,0,1017.9,晴後一時曇,薄曇後晴,3,4,18.07,2.1
2017/3/14,0,1,1.2,-2,5.1,0,1,3.1,0,1013.1,薄曇時々晴,曇,7.5,4,12.02,3.3
2017/3/15,0,1,0.6,-3.5,3.8,0,1,8.4,0,1010.7,晴後一時曇,薄曇後晴,7.3,4.3,16.52,4.3
2017/3/16,1,0,2.1,0.9,3.7,0,0,2.1,0,1010.1,曇時々雪、あられを伴う,曇時々みぞれ一時雪,9.5,4.8,8.45,6.4
2017/3/17,1,0,2.6,0.9,4.5,2,0,5.7,0,1013.4,晴一時雪,晴一時曇,7.3,4.7,14.81,4.7
2017/3/18,0,1,2.8,0.3,5.3,0,0,8.7,0,1014.2,晴後薄曇,晴,3.5,4.3,18.2,4.7
2017/3/19,0,1,3.5,2,5.9,0,1,8.1,0,1014.1,晴,晴時々薄曇,9,4.3,17.78,5.8
2017/3/20,0,1,4.5,1.8,7.4,0,1,10.9,0,1015.2,晴後曇,晴,1.5,3.8,20.38,3.2
2017/3/21,0,1,3.8,1,6.2,0,0,0,0,1006,曇時々雨,曇,10,4.6,4.94,4.2
2017/3/22,1,0,2.7,0.3,5.6,0.5,0,1.8,0,1004.5,曇時々雪一時晴,曇一時雪,8,5,10.74,3.8
2017/3/23,21,0,0.1,-1.2,2.6,19,0,2.2,0,1009.7,雪、あられを伴う,雪時々曇一時晴、あられを伴う,10,5,11.76,4.9
2017/3/24,15,0,0.3,-1.9,2.9,17,0,3.4,0,1010.9,雪時々曇,雪時々曇、あられを伴う,9.3,5.1,12.3,4.4
2017/3/25,1,0,2.1,0,4.9,1.5,0,6.2,0,1016,快晴,雪時々曇後晴,7,5.2,15.92,4
2017/3/26,0,1,2.9,-2.5,7,0,1,10,0,1017.1,晴一時薄曇,晴,4,3.9,20.47,1.4
2017/3/27,0,1,3.4,-1.9,8.7,0,1,11.4,0,1012.7,晴時々曇一時雪,晴後時々薄曇,3.3,4,20.64,1.8
2017/3/28,0,1,2.6,0.1,6.5,0.5,0,4.4,0,1011.7,晴一時曇,晴後雪一時雨,5.3,5.1,12.16,2
2017/3/29,0,1,4.8,-0.4,9.6,0.5,0,7.8,0,1013.2,　曇一時晴,晴一時みぞれ,8.3,5.2,15.51,3.4
2017/3/30,3,0,2.1,0.3,4.3,14,0,0.2,0,1013.2,雪後晴、みぞれを伴う,曇後みぞれ,10,5.8,4.24,2.2
2017/3/31,0,1,2.2,-0.5,4.3,0.5,0,11.2,0,1016.1,　快晴,晴,1.5,4.6,22.57,4.6
2017/4/1,0,1,2.3,-2.3,6.6,0,0,7.3,0,1013.1,晴,晴後曇一時雨、あられを伴う,3.3,4.3,17.87,1.6
2017/4/2,0,1,3.7,-1.3,7.5,0,1,7.5,0,1008.5,晴,晴後一時曇,4.5,4.8,15.1,2.6
2017/4/3,0,1,6.2,1.1,11.1,0,1,11.6,0,1011.2,晴一時曇,薄曇時々晴,8.5,5.2,18.06,2
2017/4/4,0,1,6.5,2.3,10.6,0,1,6.7,0,1018.3,快晴,晴時々曇,2.5,6.8,15.38,1.3
2017/4/5,0,1,8.8,2.5,15.4,0,1,11.6,0,1016.9,晴,晴,0.8,6.2,21.27,3.7
2017/4/6,0,1,11.4,5.6,18,1.5,0,4.5,0,1012,雨,曇後一時雨,8.5,7.4,13.48,3.9
2017/4/7,0,1,8.1,4.1,11.1,0,0,6.1,0,1009,晴後薄曇,曇一時雨後時々晴,8.3,7.2,14.83,4.8
2017/4/8,0,1,5.5,3.9,7.5,0,0,0,0,1009.2,曇一時雨,曇一時雨,10,5.1,7.53,7.7
2017/4/9,0,1,6.5,4.3,10.1,0,0,7,0,1005,晴一時曇,曇時々晴,9.3,4.4,18.48,5.6
2017/4/10,0,1,6.6,4,10,0,1,12.2,0,1013.8,晴,快晴,2,4.1,24.63,5
2017/4/11,0,1,6.9,3.2,10.9,1,0,6.8,0,1006.4,雨一時曇,曇,7.5,5.7,14.02,7.4
2017/4/12,0,1,3.4,1.8,6.3,4,0,2.1,0,996.5,晴後雪時々曇,みぞれ時々雨後一時晴,7,4.6,11.19,6.3
2017/4/13,4,0,1.7,-2.4,4.4,3.5,0,2.1,0,1000.8,晴一時曇,雪一時曇,8.5,3.6,8.93,5.5
2017/4/14,0,1,11,1.2,17.9,0,1,11.5,0,1001.3,曇時々晴,晴,5.8,6.1,25.22,4.1
2017/4/15,0,1,14.5,9.5,19,0,1,9.3,0,999.9,晴,曇後晴,5,7.9,19.99,4.8
2017/4/16,0,1,12.5,6,17.5,0,0,8.5,0,1000.8,快晴,晴一時曇,2.5,6.3,17.4,5.7
2017/4/17,0,1,9.1,3.6,15.4,0,1,10.9,0,1011.1,曇後時々雨,晴後時々薄曇,5,5.4,24.28,2.8
2017/4/18,0,1,7.3,3.1,10.1,28.5,0,0,0,991.7,曇一時雨,雨、雷を伴う,10,7.9,3.09,6.1
2017/4/19,0,1,6,2.4,8.7,6.5,0,0.9,0,989.9,雨時々曇、あられを伴う,曇後雨,9.8,7.6,6.15,4.3
2017/4/20,0,1,4.3,1.6,7.2,1,0,2.1,0,1007.4,曇時々雨,曇一時雨,10,5.4,12.48,6.5
2017/4/21,0,1,6.8,3.2,13.4,0,0,9.5,0,1006.2,雨一時曇,晴一時薄曇,9.3,5.6,22.35,2.1
2017/4/22,0,1,4.5,3,6.6,10,0,0,0,1005.2,雨後一時曇,雨,10,6.9,5.89,3.7
2017/4/23,0,1,5.7,3.5,10,0.5,0,7.7,0,1015.2,快晴,曇一時雨後晴,6.8,6.3,20.51,3.6
2017/4/24,0,1,9.3,1.8,16,0,1,12.1,0,1021.3,晴後薄曇,晴時々薄曇,2.5,5.9,25.06,2.8
2017/4/25,0,1,11.6,6.8,20,6.5,0,6.4,0,1015.8,晴一時雨,曇後時々雨,9.5,8.3,17.14,5.1
2017/4/26,0,1,10.7,5.9,17.6,0.5,0,5,0,1007.4,晴,曇後時々雨,6.3,7.4,16.93,2.6
2017/4/27,0,1,9.2,5.4,13.9,0.5,0,4.5,0,997.8,曇時々雨後一時晴,曇時々晴一時雨,7.3,6.4,15.8,3
2017/4/28,0,1,9.8,5,14.2,0,0,6.1,0,999.7,曇一時雨後晴,曇時々晴後一時雨,8.3,7,18.6,2.7
2017/4/29,0,1,11.4,6.5,16.3,0,0,10.3,0,999.7,晴時々曇,晴,5.8,7.7,23.53,3
2017/4/30,0,1,10.8,7.2,15.5,1.5,0,2.9,0,999.1,曇一時雨,曇後時々雨、大風を伴う,5.8,7.7,11.72,6.4
2017/5/1,0,1,9.2,6.8,13.3,0.5,0,4.2,0,1007.8,曇時々霧雨,曇一時雨,8.8,7.7,16.77,4.8
2017/5/2,0,1,9.5,6.9,14.2,0,0,9,0,1018.5,晴後一時薄曇,晴一時曇,4.5,8.3,23.14,4.3
2017/5/3,0,1,15.2,6.5,23.6,0,1,11.4,0,1019,快晴,　晴時々薄曇,2.5,5.5,26.1,1.8
2017/5/4,0,1,18.1,8.8,26.1,0,1,13.4,0,1016.1,晴後一時曇,快晴,0,6.7,28.09,2.4
2017/5/5,0,1,17.7,11.9,24.8,0,1,7.8,0,1009.1,晴後薄曇,曇一時晴,5,9.4,20.14,2.3
2017/5/6,0,1,14.5,8.7,21.8,0.5,0,3.8,0,1002.4,晴後一時雨,曇一時雨,8.5,8.4,14.2,4.4
2017/5/7,0,1,13,8.9,17.3,0,0,8.7,0,997.7,曇時々雨一時晴,晴一時雨後時々曇,4.8,5,22.6,5.1
2017/5/8,0,1,9.7,6.4,13.4,1,0,5.5,0,1000.1,快晴,曇一時雨後晴,5.3,6.9,14.71,4.4
2017/5/9,0,1,12.5,4.2,19.7,0,1,13.3,0,1011.9,晴後薄曇,快晴,1,6.9,27.99,2.3
2017/5/10,0,1,13.1,10.4,18.5,0,0,5.2,0,1009.1,曇時々雨,曇後一時雨,9.8,8.8,15.99,6
2017/5/11,0,1,13.1,11.9,16.4,7,0,0,0,1001.5,雨後時々曇,雨一時曇,10,12.7,5.42,3.1
2017/5/12,0,1,14.2,11.2,19.9,0.5,0,11,0,1010.8,曇一時晴,晴一時曇,6.8,11.7,27.68,3.6
2017/5/13,0,1,11.5,9.1,15.5,0,1,6,0,1014,曇,薄曇,10,6.9,19.33,6.5
2017/5/14,0,1,9.8,8.1,12.3,0,0,0.5,0,1012,曇時々雨,曇時々雨,10,6.2,10.75,8.2
2017/5/15,0,1,10.2,8,13.9,0,0,3.6,0,1009.5,雨時々曇,曇一時雨,10,8.7,17.77,8.1
2017/5/16,0,1,11.1,9.3,13.9,3.5,0,0.6,0,1004.4,曇後一時晴,曇時々雨,10,10.2,9.28,3.8
2017/5/17,0,1,14.2,8.2,20.4,0,1,12.8,0,1005.8,晴一時曇,晴,2.8,10.3,28.7,1.9
2017/5/18,0,1,18,10.5,25.4,0,1,13.5,0,1008.1,晴,晴,2,9.5,28.23,2.2
2017/5/19,0,1,19.8,11.8,27.7,0,1,13.6,0,1007.9,晴時々薄曇,晴,4.8,8.5,28.69,3.5
2017/5/20,0,1,17.2,13.7,25.4,0,1,12.6,0,1008.4,晴後時々薄曇,晴,6.5,11.1,26.69,3.2
2017/5/21,0,1,16.4,12.6,23.9,0,0,7.4,0,1010.9,曇一時霧雨,晴後曇時々雨,8.3,12.1,19.07,2.4
2017/5/22,0,1,14.6,13.2,16.9,0,0,0.1,0,1011.9,曇時々雨,曇一時雨、霧を伴う,10,12.5,6.03,2.4
2017/5/23,0,1,14.6,12.3,17.4,0,0,0,0,1006.6,曇後一時雨,曇,10,10.8,9.87,5.4
2017/5/24,0,1,13.4,11.2,16.7,0,0,0,0,1005.9,曇後一時霧雨,曇一時雨,10,12.3,6.55,1.6
2017/5/25,0,1,14.6,11.9,19.4,0,0,6.7,0,1007.1,晴一時曇,曇後一時晴,9.8,12.4,18.99,2.3
2017/5/26,0,1,17.1,11.1,24.2,0,0,9.2,0,1004.7,曇後一時雨,晴後時々曇,5.5,12.9,24.49,2
2017/5/27,0,1,14.8,11,17.3,34.5,0,0.1,0,1004.9,曇一時晴後時々雨,大雨後一時曇,8.8,14.5,4.63,2.1
2017/5/28,0,1,13,10.8,15.7,10,0,1,0,1004.2,曇時々晴一時雨,雨時々曇,10,13,10.95,1.9
2017/5/29,0,1,17.9,9.9,25.7,0,1,10.9,0,1003.3,薄曇,晴後薄曇,8,12.9,26.31,1.9
2017/5/30,0,1,20,15.3,26,0,1,11.1,0,1002.1,薄曇時々晴,薄曇時々晴,9.5,13.7,26.72,2.2
2017/5/31,0,1,17.6,14.8,24,0,1,9.4,0,1001.1,曇,薄曇,7.3,13.3,24.42,2.5
2017/6/1,0,1,16.5,13.6,19.1,31.5,0,0,0,998.8,雨後一時曇,雨時々曇,10,15.6,4.41,2.1
2017/6/2,0,1,16.4,10.8,21.6,5.5,0,1.5,0,992.8,雨時々曇後晴,曇時々雨,10,13.5,16.51,3.7
2017/6/3,0,1,10.6,7.6,13.6,3,0,1.6,0,997,雨後一時曇,曇後雨,8.8,9,10.17,2.9
2017/6/4,0,1,9.6,7.2,12,2,0,0,0,1002.4,曇一時雨後時々霧雨,雨,10,9.7,9.32,3.4
2017/6/5,0,1,11.8,8.2,17.1,0,0,11.2,0,1011.4,晴,晴,4.3,9.8,29.44,2.5
2017/6/6,0,1,15.1,7.6,23.8,0,1,13.5,0,1014.3,晴後薄曇,晴一時薄曇,1.8,10.4,29.95,2.5
2017/6/7,0,1,16,10.4,22,2.5,0,2.7,0,1009.5,雨一時曇,曇,10,10.3,16.27,2.4
2017/6/8,0,1,16.2,13,20.3,6.5,0,1.6,0,996.5,曇時々雨後晴,雨時々曇,10,13.5,12.26,6.3
2017/6/9,0,1,19.2,14,25,0,0,9.7,0,997.9,雨時々曇、雷を伴う,晴後曇時々雨,6.8,12.2,24.5,4.6
2017/6/10,0,1,14.4,12.2,16.5,16.5,0,1,0,996.6,曇時々雨一時晴,雨後時々曇一時晴,9.8,13.5,5.36,4.6
2017/6/11,0,1,13,8.9,18.4,7,0,2.4,0,1002.2,曇,雨後曇,10,11.6,13.5,3.6
2017/6/12,0,1,11.7,8.2,15.2,0,1,9.9,0,1009.1,晴,晴一時曇,5.3,8.6,28.12,3.5
2017/6/13,0,1,14.2,7.9,19.7,0,0,8.7,0,1009,曇後時々雨,晴後曇,5,10.5,25.13,1.6
2017/6/14,0,1,16.6,12.5,24.8,0,0,8.3,0,1005.1,曇後時々雨,晴一時曇,8.8,12.1,25.07,2.8
2017/6/15,0,1,14.8,13.6,16.9,5,0,0,0,1005,雨後曇,雨,10,13.2,5.17,3.3
2017/6/16,0,1,17.1,14.1,22.1,0,0,5.3,0,1006.4,曇一時晴後時々霧雨,晴時々曇,8,13.4,21.57,3
2017/6/17,0,1,16.1,13.4,21.1,0,0,7.9,0,1009.5,快晴,曇後晴,5,13.2,23.67,3.2
2017/6/18,0,1,19.4,13,25.7,0,1,14,0,1010.2,薄曇,晴後薄曇,5,12,30.04,5.2
2017/6/19,0,1,18.4,15,23.1,0,1,9.8,0,1008.3,曇後晴,薄曇,10,13.2,21.43,4.1
2017/6/20,0,1,17.7,12.8,24.2,0,1,13.3,0,1008.6,晴一時曇,薄曇,6.5,14.1,25.81,2.1
2017/6/21,0,1,18.9,14.1,25.8,18,0,5.7,0,1004.6,大雨,薄曇,8,15.8,16.66,5.2
2017/6/22,0,1,16.8,15.9,18.4,44.5,0,1.2,0,998.1,曇一時晴,雨,10,16.7,8.7,5.2
2017/6/23,0,1,16.8,14.2,20.9,0,0,6.3,0,1003.7,曇後一時霧雨、霧を伴う,曇時々晴,7,15.8,19.22,2.4
2017/6/24,0,1,17.8,14.6,21.2,1.5,0,0.2,0,1001.3,雨時々曇,曇時々雨,10,17.2,6.99,1.7
2017/6/25,0,1,15.3,12,17.8,25,0,0,0,999.3,曇時々霧雨一時雨,雨,9.5,16.1,2.9,3.6
2017/6/26,0,1,13.1,11.8,15.2,0,0,0.3,0,1004.5,曇一時霧雨,霧雨時々曇,10,11.5,9.75,5.5
2017/6/27,0,1,15.8,11.6,22.2,0,0,4.2,0,1009.7,曇時々晴,曇,9,12.2,20.33,2.6
2017/6/28,0,1,17.7,13.2,21.9,0,0,8,0,1011.1,曇一時雨,晴時々曇,7.5,14.1,24.14,2.3
2017/6/29,0,1,19.9,16.5,24.8,0,0,3.8,0,1009.3,快晴,曇後一時晴,7.5,16.7,16.16,2.1
2017/6/30,0,1,22.5,16.4,29.6,0,1,13.7,0,1004.1,晴,快晴,0.3,15.8,28.16,3.2
2017/7/1,0,1,23.5,19.4,29.5,2.5,0,7.2,0,1000,曇,晴後曇時々雨,6,20.5,20.12,2.8
2017/7/2,0,1,20.3,16.2,25,0,0,1.5,0,1001.5,曇後霧雨,曇,10,19.1,10.92,3.1
2017/7/3,0,1,17.8,16,21.6,0.5,0,0,0,1001.9,雨一時曇,曇時々雨一時霧雨,10,17.5,8.64,1.6
2017/7/4,0,1,19.3,16.7,22.3,2,0,0.3,0,1002,曇一時霧雨,曇一時雨,10,19,9.42,1.6
2017/7/5,0,1,19.7,17,23.8,0,0,2.8,0,1004.2,曇後一時晴,曇一時晴,9.3,18.3,17.88,2.7
2017/7/6,0,1,23,18.4,29.1,0,1,12.6,0,1006,快晴,快晴,2.8,17.4,26.63,1.9
2017/7/7,0,1,25.3,18.7,33.2,0,1,14.1,0,1005.3,晴,晴,0.8,19.1,28.31,1.9
2017/7/8,0,1,24.1,19.9,30,0,1,14,0,1006.4,晴後薄曇,晴後一時薄曇,2,18.1,28.56,2.2
2017/7/9,0,1,25.3,19.6,32.4,0,1,11,0,1005.7,晴後時々曇,晴一時曇,8.5,21.6,25.77,2
2017/7/10,0,1,26.4,23.6,33.2,0,0,5,0,1005.9,曇,曇時々晴,8.8,25,19.42,2
2017/7/11,0,1,25.5,22.6,29.8,0.5,0,3.9,0,1005.1,曇一時雨,曇後雨,9.8,24.6,11.25,4
2017/7/12,0,1,24.2,21.6,28.3,0,0,7.1,0,1002.6,快晴,曇後晴,6,23.5,20.92,2.9
2017/7/13,0,1,26.8,21.3,33.1,0,1,13.3,0,1002.7,快晴,晴,0.5,21.7,26.06,2.6
2017/7/14,0,1,27.7,22.1,34.9,0,1,13.8,0,1003.6,晴,快晴,0.3,21.3,27.04,3.3
2017/7/15,0,1,27.7,22,33.4,0,1,11.3,0,1005.7,晴後曇,晴,3,22.4,25.41,2.7
2017/7/16,0,1,23.7,21.1,27.3,32,0,2.5,0,1003,晴後曇,曇時々大雨一時晴,7.8,23.2,7.23,2.5
2017/7/17,0,1,20.8,18.6,23.1,2.5,0,0.2,0,1003.4,雨一時曇,曇時々雨,10,21.6,6.64,2.7
2017/7/18,0,1,18.8,17.3,21.3,4,0,0,0,1005.6,晴時々曇,雨時々曇,9.5,18.6,5.4,2.1
2017/7/19,0,1,20.8,16.7,25.5,0,0,6.7,0,1005.2,曇後一時雨,晴時々曇,7.5,17.6,22.42,4.8
2017/7/20,0,1,22.7,19,27.1,0,0,2.4,0,1005.8,曇一時雨,曇一時晴,10,20.2,13.52,5.4
2017/7/21,0,1,24,21.3,28.7,0.5,0,0.7,0,1004.6,雨時々曇,曇,9.8,22.5,9.47,4.7
2017/7/22,0,1,21.8,19.9,26.1,15.5,0,5.9,0,1006,曇後一時晴,曇,10,20.6,20,3.2
2017/7/23,0,1,22.1,19.4,28.1,0,1,11.3,0,1001.8,晴後曇,晴,3.5,20.3,26.26,2.9
2017/7/24,0,1,22,19.5,26.9,0,1,6.5,0,998.6,曇後晴,曇,10,19.2,21,2.6
2017/7/25,0,1,22.8,18.6,28.5,0,1,9.3,0,999.1,晴,曇一時晴,6.3,19.3,21.18,2.5
2017/7/26,0,1,21.8,17.2,25.7,0,1,13.6,0,1005.7,晴時々薄曇,晴後時々薄曇,3,15.3,27.93,2.8
2017/7/27,0,1,22.7,18,27.7,0,0,6.1,0,1009.5,曇後時々雨,曇一時晴,10,14.9,19.01,3.8
2017/7/28,0,1,20.5,19.4,23,1,0,0,0,1007.5,曇後時々晴,雨,10,17.7,5.18,2.5
2017/7/29,0,1,22.6,18.2,27.6,0,1,7.5,0,1007.4,晴一時曇,曇時々晴,4.8,19,19.73,1.9
2017/7/30,0,1,23.3,18.2,29.2,0,1,10.2,0,1008.5,曇後一時雨,曇一時晴,8.3,19.6,23.24,2.7
2017/7/31,0,1,21.4,19.9,23.3,14.5,0,0,0,1008.1,雨時々曇,雨一時曇,10,22.2,5.63,2.3
2017/8/1,0,1,22.3,19.2,27.1,0,0,9.6,0,1007.9,曇,晴一時曇,9.3,21.2,23.6,3.5
2017/8/2,0,1,23,20.4,27.6,0,1,10.5,0,1008.4,晴一時曇,曇時々晴,9.3,19.8,24.39,2.3
2017/8/3,0,1,21.8,19,25.7,0,1,9.3,0,1009.4,薄曇一時晴,晴一時曇,5.8,18.6,20.82,3.3
2017/8/4,0,1,20.8,17.2,25.7,0,0,7.9,0,1008.9,曇時々雨,晴後曇,8.3,18.1,22.85,3.7
2017/8/5,0,1,22.5,18.8,27.7,0.5,0,8.6,0,1005.8,晴一時薄曇,晴一時雨,4.8,19.6,23.16,3.9
2017/8/6,0,1,24.1,19.5,29.2,0,1,10.6,0,1004.2,晴時々曇,晴一時薄曇,5.3,21,23.83,2.4
2017/8/7,0,1,23.9,20.2,29.6,0,1,13.2,0,1002.5,晴後一時薄曇,晴,1,19.4,25.82,4.3
2017/8/8,0,1,23.3,20.4,28.7,0,1,12.2,0,999.4,曇,薄曇一時晴,8,17.9,25.41,4.4
2017/8/9,0,1,20.7,18,23.3,4,0,0,0,999.3,雨後曇,雨一時曇,10,17.9,6.98,1.9
2017/8/10,0,1,21.9,18.8,26,0,0,1,0,1000.6,曇一時雨,曇,10,19.8,12.94,1.7
2017/8/11,0,1,21.8,18.8,25.8,0,0,0.5,0,1004.7,曇後時々雨,曇後一時雨,10,19.1,12.13,3.4
2017/8/12,0,1,18.4,17.6,21.1,27.5,0,0,0,1008.6,曇時々雨,雨,10,18.4,3.34,3.2
2017/8/13,0,1,19.3,16.4,22.7,1,0,0.3,0,1009.1,曇一時雨,曇一時雨,10,17.4,11.37,3.2
2017/8/14,0,1,20.9,18.3,23.8,0,0,3.5,0,1007.6,曇,曇一時晴,9.8,17.7,15.02,3.3
2017/8/15,0,1,22.3,18.9,27,0,1,5.7,0,1007.2,曇後一時晴,曇一時晴,10,17.3,19.15,2.4
2017/8/16,0,1,21.8,18.9,26.4,0,1,7.8,0,1008,曇,曇一時晴,9.3,16.2,20.92,2.8
2017/8/17,0,1,20.6,19,24,0,0,1.4,0,1009.7,曇,曇一時雨,10,16.4,13.47,4.1
2017/8/18,0,1,21.4,19,25.3,0,0,4,0,1009.8,曇時々晴,曇一時晴,9.5,18,15.98,3.4
2017/8/19,0,1,21.7,18.7,26.3,0,1,9,0,1011.1,晴,晴一時曇,5,18.8,22.47,2.2
2017/8/20,0,1,21.5,17.3,26.6,0,1,11.5,0,1011.5,快晴,晴,1,18.8,23.96,2.4
2017/8/21,0,1,22.2,17.8,27.1,0,0,12,0,1010.1,曇時々雨,晴後時々薄曇,5,18.5,23.81,3.4
2017/8/22,0,1,21.3,19.9,23.4,34,0,0.3,0,1004.4,曇一時雨,雨後時々曇,10,22.3,4.04,3.3
2017/8/23,0,1,24.7,21,29.3,0,0,8.4,0,1003.4,　晴後曇,薄曇後晴,6.5,22.8,19.59,1.8
2017/8/24,0,1,23.8,21.7,25.9,2,0,0,0,997.4,雨時々曇,雨時々曇,10,22.8,4.21,3.3
2017/8/25,0,1,23.4,20.5,27,6,0,8.1,0,996.4,曇一時晴,晴一時雨,7,18.6,20.82,4
2017/8/26,0,1,23.2,19.9,28.9,0,0,7.6,0,1001.3,晴一時曇,晴時々曇一時雨,7,13.6,19.4,2.8
2017/8/27,0,1,22,18.1,26,0,1,9.2,0,1010.6,薄曇一時晴,晴後一時薄曇,4.3,14.6,18.89,2.7
2017/8/28,0,1,20.6,17.3,24.8,0,0,0.7,0,1009.8,曇後雨,曇,10,15.1,11.21,3.3
2017/8/29,0,1,19.7,16.5,23.6,3.5,0,0,0,1003.6,曇後晴,曇一時雨,10,16.8,4.73,2.5
2017/8/30,0,1,17.9,12.5,21.1,0,1,3.9,0,1006.8,曇後一時晴,曇一時晴,7.3,10.6,13.89,3.1
2017/8/31,0,1,18.6,14.9,23.2,0,0,7.6,0,1007.8,曇時々晴,晴後一時雨,7.5,12.4,21.34,2.6
2017/9/1,0,1,18.5,15,22.2,0,1,12.1,0,1009.2,薄曇,晴,5.5,12.5,23.2,3.5
2017/9/2,0,1,18.4,15.4,22,0,1,2.5,0,1009.7,晴後一時曇,曇後一時晴,7.8,14,12.07,2.3
2017/9/3,0,1,17.9,15,21.2,0,0,7.8,0,1006.4,晴時々曇一時雨,晴一時曇,6.3,12.8,20.03,4.9
2017/9/4,0,1,19.9,14.5,25.3,0,0,10.1,0,1010.8,快晴,晴一時曇,3.8,12.7,19.81,2.6
2017/9/5,0,1,20.6,15,26.9,0,1,10.3,0,1011.7,薄曇,晴,3.8,14,19.9,1.9
2017/9/6,0,1,21.3,17.1,26.5,0,1,10.2,0,1005.1,晴後一時曇,晴一時薄曇,6,16,21.38,4.5
2017/9/7,0,1,21.1,17.3,26,0,1,6.9,0,1002.3,曇時々晴,曇一時晴,8.5,16.9,16.45,1.9
2017/9/8,0,1,21.1,17,25.5,0,1,10.6,0,1003.1,晴後一時雨、雷を伴う,晴後一時曇,1,18.3,21.12,2.4
2017/9/9,0,1,19.8,16.3,24.4,1,0,7.3,0,1006.9,曇後雨,晴時々曇一時雨,3.5,15.8,17.27,2.7
2017/9/10,0,1,17.6,13.2,22.7,5,0,6.1,0,1010.2,晴後薄曇,晴,5,11.7,14.86,2.8
2017/9/11,0,1,18,13.4,23.4,0,0,5.8,0,1012,曇時々雨,薄曇後一時雨,10,11.9,13.62,3.1
2017/9/12,0,1,16.4,15.5,18.1,28,0,0,0,1005.8,雨時々曇,雨,10,16.3,1.73,2.7
2017/9/13,0,1,18.5,15.1,22.8,5.5,0,1.5,0,1006.1,晴後一時雨,曇一時雨,7.5,16.6,7.31,2.2
2017/9/14,0,1,17.8,13.4,21.8,0.5,0,0.9,0,1007.4,曇一時雨,曇時々雨,8,13,8.54,2.5
2017/9/15,0,1,16.9,13.3,21.5,0,0,9.8,0,1013.4,晴一時曇,晴一時雨,7.3,13.2,19.27,2.9
2017/9/16,0,1,16.4,12.2,20.8,0,1,6.5,0,1017.8,晴後一時雨,晴一時曇,3.5,12.6,15.78,2.1
2017/9/17,0,1,16.8,14.6,19.6,0,0,3.9,0,1015.4,雨時々曇,曇一時雨,10,13.1,8.78,6
2017/9/18,0,1,16.3,13.4,20.8,67.5,0,1.4,0,990.7,曇時々雨一時晴,大雨,9.8,14.2,4.82,3.6
2017/9/19,0,1,19.4,15.3,24.1,17.5,0,4.8,0,999.3,雨時々曇後晴、雷を伴う,雨時々曇一時晴、雷を伴う,7.5,16.2,12.16,2.9
2017/9/20,0,1,18.1,14.8,23.6,7.5,0,3.1,0,1000,　雨時々曇一時晴,曇後一時雨、雷を伴う,8,16.6,8,1.8
2017/9/21,0,1,17.6,13,21.5,2,0,9.3,0,1006,快晴,晴一時曇,4.8,12.4,17.69,4.4
2017/9/22,0,1,17.6,11.3,24,0,1,9.2,0,1014.1,快晴,晴,2,13.3,18.24,2.5
2017/9/23,0,1,17.6,14.6,21.8,38.5,0,3.7,0,1012.6,大雨後晴一時曇、雷を伴う,雨時々曇、雷を伴う,7.5,16.1,11.13,5.2
2017/9/24,0,1,17.6,13.9,23.2,0,0,8.5,0,1011.2,晴一時曇,晴,3.3,15.4,16.02,2.2
2017/9/25,0,1,17.7,12.6,24.7,0,0,7.4,0,1009.9,快晴,晴後一時雨,5.5,12.5,16.61,2.6
2017/9/26,0,1,17.2,10.1,23.8,0,1,10.2,0,1010.4,晴後薄曇,晴一時薄曇,2.3,9.8,17.76,2.3
2017/9/27,0,1,17.3,13,22.6,10,0,2,0,1004.1,雨一時曇,曇後一時雨,10,13.3,9.15,4.4
2017/9/28,0,1,12.9,9.8,15.3,2,0,0.6,0,1002.1,晴,曇後一時晴,7.5,8.4,5.34,3.1
2017/9/29,0,1,12.2,7.6,18.6,2,0,6.1,0,1005.4,晴時々雨,晴時々雨,7,8.1,13.97,3
2017/9/30,0,1,13.8,9,19.1,0,0,4.7,0,1011.1,晴,晴一時雨,4.5,8.3,10.55,2.9
2017/10/1,0,1,16.4,8.9,22.3,0,1,8.8,0,1014,曇時々晴,晴後曇,5.3,10.3,16.27,4.8
2017/10/2,0,1,17.3,13.2,20.7,0,0,2.3,0,1008.1,曇後一時雨,曇一時雨,8,12.8,7.79,3.5
2017/10/3,0,1,12.1,8.4,15.2,1.5,0,1.6,0,1008,雨時々曇、あられを伴う,雨時々曇,10,8.9,7.16,4.1
2017/10/4,0,1,9.4,6.7,13.6,5.5,0,4.4,0,1013.6,晴時々雨一時曇,曇時々雨一時晴,9,7.5,11.85,3.8
2017/10/5,0,1,11.4,6.4,15.8,1,0,7.8,0,1021.8,快晴,晴,4.8,6.3,15.48,3.3
2017/10/6,0,1,13.9,7,19.5,0,1,8.4,0,1023.8,曇,晴後曇,5.3,10.1,15.12,3.6
2017/10/7,0,1,17.5,15,20.7,1,0,2.4,0,1018.9,晴時々曇,曇時々雨,8.5,15.4,8.76,4
2017/10/8,0,1,16.9,13.4,20.5,0,1,6.1,0,1020.2,曇一時晴,曇一時晴,6.8,15.8,10.16,1.6
2017/10/9,0,1,16.8,12.9,22,0,0,5,0,1016.6,曇後雨,薄曇一時晴,10,14.5,11.56,2
2017/10/10,0,1,13.1,11.1,15.8,6.5,0,0.9,0,1015.1,曇,曇一時雨,9.3,9.7,4.84,4
2017/10/11,0,1,9.8,8.4,11.1,1.5,0,0,0,1016.6,雨,曇後雨,10,8.2,3.67,2.2
2017/10/12,0,1,9.9,7.7,12.8,6.5,0,0.1,0,1008.5,曇時々雨,雨後時々曇,10,9.8,3.89,4
2017/10/13,0,1,10.7,9,14.7,0,0,4.1,0,1015.1,曇一時晴,晴時々曇一時雨,7.5,6.5,11.04,3.2
2017/10/14,0,1,11.4,7,14.8,0,0,9.2,0,1018.7,晴時々曇一時雨,晴一時曇,5.3,6.4,13.81,2.5
2017/10/15,0,1,9.9,7,12,0,0,4.4,0,1022.2,曇一時雨後晴,晴後一時曇,5.3,5,8.91,4.2
2017/10/16,0,1,9.2,4.2,12.9,0,1,8,0,1024,曇後一時雨,晴後曇,6,5.2,13.73,3.2
2017/10/17,0,1,8.7,4.6,15,14,0,3.6,0,1017,雨時々曇、雷・あられを伴う,晴時々雨一時曇,7,6.7,8.47,3.3
2017/10/18,0,1,6.3,4.3,10.6,1.5,0,3.8,0,1022.1,晴後一時薄曇,曇時々雨後晴,8.3,5.7,8.44,3.2
2017/10/19,0,1,7.3,1.7,12.5,0,1,9.5,0,1022.4,晴後曇一時雨,晴時々薄曇,4.5,6,13.8,2.2
2017/10/20,0,1,10.9,6.2,14.4,0,0,3.8,0,1020.7,晴一時曇,曇一時晴,7.8,9.1,10.42,3.9
2017/10/21,0,1,13.7,9.6,17.9,0,1,9.1,0,1018.2,曇,晴後一時曇,3.8,10.4,13.89,4.7
2017/10/22,0,1,11.3,8.9,13.9,0,0,0,0,1013,曇後一時雨,曇一時雨,10,9.8,2.6,4.4
2017/10/23,0,1,6.4,1.4,9.1,27.5,0,0,0,1001.5,曇時々雨一時晴,雨時々みぞれ,9.8,6.3,0.55,5.9
2017/10/24,0,1,9.3,4.5,14.7,0,0,9.8,0,1016.6,快晴,快晴,2.5,6.8,13.35,2.1
2017/10/25,0,1,10.3,2.7,18.2,0,1,9.7,0,1014.9,快晴,快晴,0.3,7.2,12.91,1.8
2017/10/26,0,1,10.5,6.8,13.8,0,1,9,0,1017.4,薄曇後一時晴,晴時々薄曇,6,6.9,12.06,3.6
2017/10/27,0,1,9.2,4.4,15.1,0,1,9.5,0,1021.9,晴,快晴,2.5,6.6,13.06,1.7
2017/10/28,0,1,11.7,5.4,16,0,0,7.7,0,1024,曇一時晴,晴,1.8,9.2,10.88,4.9
2017/10/29,0,1,15.3,11.7,18.7,16.5,0,0.2,0,1005.1,大雨,曇,9.8,11.6,5.73,4.3
2017/10/30,0,1,6.3,2.3,11.8,29.5,0,0.3,0,996.3,雨一時みぞれ後曇、あられを伴う,雨、あられを伴う,10,7,2.14,8.7
2017/10/31,0,1,6.6,2.4,10,1.5,0,3.4,0,1011.1,晴後曇時々雨,晴時々曇,7.8,5.3,8.14,3.1
2017/11/1,0,1,11.9,5.2,15.9,0,0,5,0,1009.8,晴一時雨,晴時々曇一時雨,6.5,8.5,7.31,3.4
2017/11/2,0,1,9.8,6.1,13.3,0,1,8.8,0,1015.6,曇時々晴,晴,4,6.5,10.13,2.5
2017/11/3,0,1,10.5,6.6,16.4,7,0,1.6,0,1011.5,雨一時曇、みぞれを伴う,曇時々雨一時晴,10,9.5,4.51,4.4
2017/11/4,0,1,4.8,2.9,6.8,9.5,0,2.2,0,1012.1,曇,曇後時々雨,5.8,5.4,4.49,3.8
2017/11/5,0,1,5.9,3.8,8.6,0.5,0,1.2,0,1016.8,晴,曇一時みぞれ後時々晴,8.3,5,4.81,3
2017/11/6,0,1,11.7,6.3,16.9,0,1,8.3,0,1013.8,薄曇時々晴,晴,6,7.1,11.57,3.1
2017/11/7,0,1,12,6.7,17.4,0,0,7.9,0,1013.5,曇一時晴,晴,5.5,9.3,9.25,1.8
2017/11/8,0,1,12.9,9.2,16.3,3,0,0.4,0,1004.7,雨時々曇一時晴,曇時々雨,9.8,11.7,3.19,3.6
2017/11/9,0,1,6.5,4.5,9.9,11,0,1.6,0,1010,晴時々曇,雨後晴時々曇,6,5.4,3.46,5.9
2017/11/10,0,1,7.3,4,9.8,0,0,2.1,0,1010.9,雨時々曇,曇後雨,8.5,5.9,5.55,4.9
2017/11/11,0,1,7.2,3.4,12.8,14,0,1.9,0,990.4,雨後みぞれ、あられを伴う,雨,9.8,7.1,5.3,7.9
2017/11/12,0,1,4.6,2.3,7.1,8,0,3.3,0,1011.3,晴時々曇,雨一時みぞれ後晴,6.8,4.7,6.45,5.7
2017/11/13,0,1,6.1,1.1,10,4,0,4.3,0,1013.6,雨時々曇一時晴,晴後曇時々雨,7.3,6.5,6.71,3.5
2017/11/14,0,1,9.6,6.5,15,2,0,3.9,0,1003.8,晴後曇時々雨、みぞれを伴う,晴一時雨,6,7.4,5.63,3.5
2017/11/15,0,1,2.6,1.2,7,1,0,0.3,0,1007.5,曇時々みぞれ後晴一時雪,みぞれ時々曇一時雪,10,5.6,3.43,2.2
2017/11/16,0,1,1.9,-1.2,4.5,0,0,5.9,0,1010.5,晴後時々曇,晴一時雪,3.5,4.2,7.88,2.3
2017/11/17,0,1,2.3,-1.1,5.5,0,1,7.1,0,1014.1,曇後雪時々雨,晴後一時曇,7,3.5,10.42,2.3
2017/11/18,19,0,3.2,-0.8,9,27,0,4.8,0,1001.1,大雪,晴時々雨一時雪,8.3,5.7,7.64,5.6
2017/11/19,17,0,-2.3,-6.6,-0.2,16,0,0.6,0,1004.8,晴後時々雪,雪後曇一時晴,8.3,4,3.76,3.4
2017/11/20,0,1,-3.5,-6.5,-1.7,0.5,0,0.2,0,1011.3,曇時々雪後一時晴,雪後時々曇,9.8,3.6,4.9,1.3
2017/11/21,0,1,-2,-5.6,0.2,0,0,2.4,0,1019.1,曇時々晴,晴時々曇一時雪,8.3,3.4,6.03,2.3
2017/11/22,0,1,3.3,-3.6,7.1,2,0,0.5,0,1011.7,雨後時々曇,雨時々曇,10,5.8,4.59,5.8
2017/11/23,0,1,3.4,-0.7,5.6,3,0,0.9,0,1001.7,曇時々雪一時晴,曇時々雨一時晴,7.5,5.9,4.17,3.4
2017/11/24,15,0,-2,-2.8,-0.1,7.5,0,0.7,0,1007.2,雪,雪,10,4.3,4.44,1.8
2017/11/25,5,0,-2.7,-4.7,-1.9,3,0,0.4,0,1015.3,曇時々雪一時晴,雪,8.3,4,4.4,1.6
2017/11/26,6,0,-0.3,-3.6,3.6,5,0,0,0,1011.6,曇時々雪後晴,みぞれ一時曇後雪,9.8,4.5,3.41,3
2017/11/27,0,1,-2.3,-4.9,0.4,0,1,7.9,0,1023.7,晴後曇,晴,1.5,2.7,9.43,3.3
2017/11/28,0,1,4.8,-2.2,7.5,0.5,0,2.6,0,1018.4,雨時々曇,曇一時晴後時々雨,9.5,6.2,6.54,4.9
2017/11/29,0,1,4.2,-2.9,11.3,4.5,0,3.4,0,1006.5,雪時々曇,雨時々晴一時曇,8,6.1,5.32,4.7
2017/11/30,0,1,-3.6,-5.2,-1.7,0,0,3.8,0,1012.1,晴,曇時々晴一時雪,8.3,2.4,5.5,3.4
2017/12/1,0,1,-4.4,-5.8,-2.6,0,0,2.4,0,1013.2,晴,晴一時雪,3,2.3,4.21,2.7
2017/12/2,1,0,-3.3,-5.1,-1.9,0,0,1.4,0,1018.4,晴一時曇,雪時々曇,5.8,3,3.91,2.6
2017/12/3,2,0,0.2,-3.4,2.8,1.5,0,2,0,1014.3,雪一時曇後晴,曇時々雪一時雨,7.5,4.9,4.72,2.5
2017/12/4,1,0,-0.1,-2.5,2.5,0.5,0,8.1,0,1012.2,曇後雪,晴後時々曇,6,3.4,7.82,2.1
2017/12/5,24,0,-1.6,-4.5,1.4,18,0,1.8,0,1003.2,晴時々曇一時雪,雪一時曇、あられを伴う,8,4.3,4.5,3.4
2017/12/6,0,1,-4.9,-6.8,-3.3,0.5,0,2.2,0,1011.6,曇一時晴,曇時々雪一時晴,6.3,2.8,4.99,2
2017/12/7,0,1,-3.9,-7.4,-1.4,0,0,3.9,0,1016.2,雪時々曇,曇時々晴,7.8,2.8,6.14,1.4
2017/12/8,22,0,-3.7,-6.2,-0.3,16,0,3.1,0,1008.3,曇時々雪後晴,雪一時晴,8.3,3.6,5.02,3.2
2017/12/9,0,1,-4.7,-9,-0.9,0,0,5.4,0,1008.1,曇時々晴一時雪,曇時々晴,7,2.7,7.64,1.9
2017/12/10,2,0,-1.6,-4.5,0.6,1,0,5,0,1011.3,雪時々曇後雨、みぞれを伴う,曇時々晴,9.3,3.5,6.6,2.5
2017/12/11,0,1,2.9,-1.9,7.2,8,0,3.5,0,995.8,晴一時曇,雨一時曇後晴,9,5.4,5.44,3.8
2017/12/12,2,0,-3,-4.7,0.2,1,0,2.2,0,996.5,曇時々雪一時晴,雪時々晴,8.3,2.9,4.11,3
2017/12/13,0,1,-0.5,-5,2.7,0,0,3.2,0,1003.1,曇一時雪後晴,曇,9.3,3.4,6.36,2.9
2017/12/14,0,1,0.8,-1.4,3.1,0,1,6.3,0,1015.3,曇後一時雪,晴,6.5,3.6,7.62,3.1
2017/12/15,0,1,0.3,-2,2.5,0,0,0.2,0,1015.6,曇後雪,曇一時雪,10,3.8,4.19,1.5
2017/12/16,9,0,-1.9,-6.2,0,4.5,0,0.7,0,1006.6,晴時々曇一時雪,雪後時々曇,9.5,3.9,3.6,2.6
2017/12/17,1,0,-4.4,-7.6,-0.7,0.5,0,6.8,0,1008.1,晴,晴一時雪,1.8,2.5,8.18,3
2017/12/18,2,0,-3.7,-8.2,-1.3,1,0,2.2,0,1013,雪後時々晴,晴後雪,7.5,3.5,4.92,1.3
2017/12/19,3,0,-4.7,-7.3,-2.4,1.5,0,0,0,1011.7,雪時々曇,晴一時雪,8.8,3.1,3.38,2.4
2017/12/20,2,0,-5,-6.6,-3,1,0,1.3,0,1018.4,曇時々雪,雪後時々曇,10,2.9,4.69,1.5
2017/12/21,2,0,-1.9,-5.5,0.9,1.5,0,0.3,0,1018.3,雪後時々曇,雪一時曇,9.8,4.2,3.34,1.4
2017/12/22,0,1,1.2,-1.9,4,0,0,0.6,0,1017.1,晴後曇,曇後一時晴,7.5,4.7,3.66,1.9
2017/12/23,0,1,1.8,-1.1,5.2,0.5,0,2.3,0,1013.4,曇一時雪後晴,雨一時雪後時々晴,8.8,5,4.99,2.3
2017/12/24,0,1,1.9,-3.5,5.8,0.5,0,1.3,0,1011.9,雨,曇後一時雨,8.5,5,4.82,3.7
2017/12/25,1,0,3.4,-4,8.8,4,0,2.7,0,986.5,雪一時曇,雨後雪一時曇、みぞれを伴う,10,5.6,5.2,7
2017/12/26,10,0,-6.3,-7.7,-3.7,7,0,0,0,992.2,雪,雪,10,2.7,2.21,2.8
2017/12/27,1,0,-5.5,-7.3,-2.9,2,0,1.6,0,994.5,曇時々雪,曇時々雪後一時晴,8.8,2.3,5.56,3.7
2017/12/28,6,0,-3,-4.8,-1.2,2.5,0,3.1,0,1004.2,曇時々雪後一時晴,晴時々雪,7.8,3,5.64,5.1
2017/12/29,7,0,-2.7,-4.7,-0.9,1.5,0,2.1,0,1007.2,雪時々曇,曇時々晴一時雪,9.3,3.1,5.04,2.9
2017/12/30,3,0,-1.6,-4,1.8,2,0,2.9,0,1015.3,晴,曇時々雪一時晴,9,4.1,5.97,1.9
2017/12/31,1,0,-2,-5.3,0.8,0.5,0,6.2,0,1016.4,雪時々曇,薄曇,7.5,3.9,6.35,1.8
2018/1/1,4,0,0.4,-2.6,3,9.5,0,0.3,0,1005.7,みぞれ時々曇後一時雪,雪後みぞれ時々雨,10,5.5,2.76,2.9
2018/1/2,3,0,1.1,-1.1,4.3,3,0,2.5,0,1002.7,曇後時々雪,雪後時々晴,9.5,4.9,5.17,2.2
2018/1/3,10,0,-0.7,-2.6,1.9,3.5,0,0.9,0,1006.3,雪一時曇,曇時々雪,10,4.1,4.7,2.3
2018/1/4,5,0,-1.7,-3.2,-0.2,4.5,0,0.1,0,1011.5,曇一時雪,雪時々曇,10,4,3.1,2
2018/1/5,0,1,0.1,-1.4,1,0.5,0,0,0,1008.3,曇,曇時々雪,10,4.1,2.66,1.7
2018/1/6,14,0,-0.7,-2.7,1.7,12,0,2.4,0,1002.7,雪時々曇後一時晴,曇時々雪,10,4.2,5.54,3.4
2018/1/7,9,0,-1.6,-3.6,0.2,3,0,5.1,0,1011.4,曇後一時晴,雪後晴,8,3.4,7.98,3.3
2018/1/8,0,1,2.1,-2.2,4.4,0.5,0,0.4,0,1008,曇一時雨,曇,8.8,4.9,3.36,2.8
2018/1/9,9,0,2.3,-2.3,5.9,8.5,0,1.4,0,983,雪後時々曇,雨一時雪、みぞれを伴う,10,5.7,4.28,3.5
2018/1/10,0,1,-1.8,-4,0.4,0.5,0,4.7,0,993.8,晴,晴一時雪,6.3,2.9,7.12,3.3
2018/1/11,0,1,-2.8,-6.7,-0.3,0.5,0,7.5,0,1003.8,雪時々曇,晴,3.8,2.6,8.52,3.6
2018/1/12,22,0,-2.9,-5.2,-0.7,9.5,0,5.1,0,1011.2,雪後晴,晴時々曇一時雪,10,3.7,7.64,1.9
2018/1/13,2,0,-4.6,-8.7,-1.4,1,0,5.6,0,1017.6,晴時々曇一時雪,晴後曇時々雪,4.8,3.2,7.21,1.4
2018/1/14,7,0,-3.6,-6.2,-0.5,2,0,4.2,0,1023,晴後時々曇,雪後晴,4.5,3.1,7.24,2.1
2018/1/15,2,0,0.7,-5,3.3,3.5,0,0.8,0,1010.9,雪一時みぞれ後晴,曇一時雪後時々雨、みぞれを伴う,8.5,4.9,3.93,3.2
2018/1/16,2,0,-0.2,-1.6,1.5,1,0,1.3,0,1013.3,曇後一時雪、あられを伴う,曇,9,3.3,5.09,2.6
2018/1/17,1,0,-0.7,-2.9,1.1,1,0,3,0,1015.3,曇時々晴,曇一時雪,5.8,4,5.48,1.8
2018/1/18,7,0,0.1,-2.9,3.4,2.5,0,0.1,0,1010.2,雪時々曇,曇後時々雪,10,4.8,3.49,2.2
2018/1/19,3,0,-1.5,-3,0.2,1.5,0,3.3,0,1014.6,曇後一時晴,曇時々晴一時雪,8,3.1,5.95,4.4
2018/1/20,1,0,-1.3,-5.6,2.6,0.5,0,5.8,0,1011,雪時々曇後一時晴,晴後曇時々雪,8.3,3.6,8.26,2.7
2018/1/21,0,1,-6.2,-9.6,-1.2,1,0,2.2,0,1011.7,曇一時晴後雪,雪時々晴一時曇,7.3,2.2,5.6,3.5
2018/1/22,0,1,-6.7,-9.3,-4.3,0,0,3.4,0,1015.8,曇時々晴後一時雪,曇時々晴一時雪,8.8,2.3,6.33,1.8
2018/1/23,8,0,-2.5,-7.1,1.7,4.5,0,2.1,0,996.6,雪時々曇後晴、雷を伴う,雪一時曇、雷を伴う,9.8,3.5,4.42,5.1
2018/1/24,0,1,-7.6,-11.6,-4.2,0,0,5.7,0,996,晴後一時雪,晴一時曇,3.5,1.6,9.35,2.8
2018/1/25,8,0,-7.1,-12.7,-3.5,5,0,3.4,0,994.7,曇後時々雪,雪後時々曇、あられを伴う,7.3,2.2,7,3.8
2018/1/26,14,0,-3.9,-5.2,-1.8,10.5,0,3.2,0,996.5,雪時々曇,雪一時晴、あられを伴う,9,3,7.56,6.2
2018/1/27,7,0,-3.7,-5.1,-1.2,2.5,0,3.5,0,1004.7,雪時々曇,雪後時々晴,9.5,2.9,7.8,4.1
2018/1/28,8,0,-3.9,-6.3,-2.3,6,0,1.3,0,1006.7,雪時々曇一時晴,曇一時雪,10,3.1,6.14,2.4
2018/1/29,1,0,-7.1,-9.6,-5.3,1.5,0,3.5,0,1003.2,晴一時曇,曇一時晴,8.5,2.1,7.36,3.3
2018/1/30,0,1,-7.5,-11.5,-5.1,0,0,4,0,1008,晴一時曇,晴後雪時々曇,4.8,2,7.88,1.8
2018/1/31,0,1,-6.3,-10.3,-3.2,0,0,1.6,0,1015,晴,曇時々雪,6,2.7,5.7,1.6
2018/2/1,0,1,-5.5,-9.4,-1.1,0,1,7.7,0,1024.1,晴,晴,3.8,2.7,10.24,1.4
2018/2/2,0,1,-6.5,-11.1,-1.7,0,1,8.6,0,1025.8,晴後一時薄曇,快晴,1,2.4,11.28,1.2
2018/2/3,1,0,-3.9,-8.2,-0.9,0.5,0,1.1,0,1017.1,雪時々曇,曇,10,2.9,6.29,2.2
2018/2/4,0,1,-2.1,-3.9,0.9,0.5,0,1.8,0,1005.1,曇後時々雪,曇時々雪,9.3,3.9,6.98,2.7
2018/2/5,6,0,-2,-4.6,-0.1,3,0,0,0,1003.3,曇時々雪,雪、あられを伴う,10,4.3,3.91,2.5
2018/2/6,0,1,-4.8,-8.2,-1.4,0,0,6.6,0,1004.4,晴一時雪,晴後時々雪,7.3,2.9,10.28,2.5
2018/2/7,3,0,-5.4,-11.1,-1.5,1,0,3.8,0,1006.9,曇一時雪後晴,曇後時々雪,7.5,2.6,8.71,2.9
2018/2/8,3,0,-3.5,-6.4,0,1.5,0,4.4,0,1010.4,曇時々晴一時雪,晴後曇時々雪,5,3,8.6,2.9
2018/2/9,0,1,-1.8,-5.3,1.8,0,0,6.7,0,1016.4,晴後曇時々雪,晴時々雪,4.8,3.1,10.96,2.2
2018/2/10,0,1,1.4,-2,3.2,0,0,0,0,1008.4,曇一時みぞれ後雪,雪時々みぞれ後曇,10,5.3,3.96,3.1
2018/2/11,6,0,-2.9,-8.1,2,5,0,1.7,0,999.1,雪一時晴,雪一時曇,8.8,4,7.59,3.7
2018/2/12,4,0,-8.9,-10.2,-7.6,4,0,0,0,1000.4,曇後雪,雪一時曇,9.3,2.1,4.84,1.9
2018/2/13,2,0,-8.1,-9.8,-6.1,2.5,0,2.4,0,1004.4,雪時々曇,雪一時曇,9.3,2.3,7.78,1.9
2018/2/14,3,0,-4.3,-8,-1.7,2,0,1.7,0,1005.1,雪一時曇,雪後一時曇,9.5,3.2,8.88,1.9
2018/2/15,7,0,-4.2,-5.1,-2.3,3,0,2.7,0,1004.3,曇一時雪後晴,雪時々晴,9.3,2.8,8.43,5.4
2018/2/16,2,0,-3.1,-6.5,0.1,1.5,0,6.8,0,1007.4,雪時々曇一時晴,晴後時々雪,6.5,3,12.68,3.3
2018/2/17,5,0,-2.8,-4.8,1.3,3.5,0,4.1,0,995.2,晴時々曇一時雪,雪後晴一時曇,7,3.2,10.22,4.2
2018/2/18,14,0,-6.1,-9,-4.1,5,0,2.5,0,1010.6,雪後晴,曇時々雪、あられを伴う,8,2.5,8.49,2.8
2018/2/19,2,0,-5.4,-10.1,-2.2,1.5,0,3.4,0,1012.1,晴一時雪,曇一時雪,6.8,2.7,8.91,1.7
2018/2/20,1,0,-4.9,-7.4,-2.5,1,0,3.4,0,1009.2,晴一時雪,晴後時々雪,5.3,2.5,7.87,2.6
2018/2/21,1,0,-6.5,-9.5,-4.2,0.5,0,6.4,0,1011.2,晴後一時雪,晴一時雪,4.5,1.9,12.23,3.3
2018/2/22,0,1,-4.1,-10.4,-0.5,0,0,7.4,0,1015.8,晴後雪,晴,4.5,2.5,13.48,3
2018/2/23,17,0,-0.1,-3.4,4.4,6,0,4.6,0,1012.5,曇一時雪後晴,薄曇時々雪,9,4.2,11.67,3.6
2018/2/24,0,1,-3.8,-7.1,-1.2,0.5,0,5.2,0,1016.4,晴一時雪,晴後一時雪,6.8,2.2,11.13,3.2
2018/2/25,0,1,-5.3,-6.8,-2.3,0,0,4.3,0,1020.2,曇時々晴後一時雪,晴一時雪,7,2.3,11.13,2.6
2018/2/26,0,1,-4.7,-7.7,-1.1,0.5,0,4.7,0,1019.6,晴一時雪,晴一時雪,5,2.7,11.25,2.8
2018/2/27,1,0,-5,-10.1,-0.7,0,0,9.3,0,1019.9,晴一時曇,晴一時薄曇,6.3,2.4,15.27,1.2
2018/2/28,0,1,-3.7,-9.3,0.4,0,0,4,0,1018.4,晴時々曇,晴時々雪,6.8,3.2,10.7,1.5
2018/3/1,26,0,0,-3.8,1.6,35,0,0,0,990,みぞれ,大雪,10,5.3,1.86,4.9
2018/3/2,7,0,0,-1.7,3.4,9,0,0.1,0,986.8,曇時々晴一時雪,雪、大風を伴う,9.8,4.4,5.88,7.4
2018/3/3,0,1,0.9,-4.2,3.7,0.5,0,2.2,0,1009.1,曇後雨,雪時々晴一時曇,10,4.6,9.04,2.6
2018/3/4,0,1,4.4,0.3,10.2,2.5,0,2.9,0,1008.5,曇,雨後時々曇,10,5.5,10.49,4
2018/3/5,1,0,-1.4,-3.4,0.6,0,0,0,0,1014.7,雪時々曇,曇後一時雪,10,3.2,5.11,4.6
2018/3/6,2,0,-4.7,-6.6,-2.3,1.5,0,3.3,0,1019.6,晴一時曇,雪時々曇一時晴,8.5,2.5,9.85,4.3
2018/3/7,0,1,-4,-6.7,-1.1,0,0,5.5,0,1031.5,晴後曇,晴後一時雪,5.5,2.3,11.57,2.7
2018/3/8,0,1,0.9,-5.6,6,10,0,0,0,1022.7,雨,　雪時々曇一時雨,10,5,3.14,6
2018/3/9,3,0,2.9,-0.1,7.2,24.5,0,0,0,1004.4,雪時々曇,雨後一時雪,10,6.5,2.69,6
2018/3/10,0,1,0,-2.6,1.5,0,0,9.4,0,1016.9,晴一時曇,晴一時曇,6.5,3.4,19.05,4.8
2018/3/11,1,0,0.3,-3.9,3.5,0.5,0,7.5,0,1015.1,曇後雪,晴後薄曇,8.5,3.8,15.56,2.5
2018/3/12,2,0,0.8,-0.4,2.6,2,0,3.8,0,1015.4,曇一時晴,雪後晴,8.5,4.6,12.28,3.2
2018/3/13,0,1,2.8,-0.5,8.9,0.5,0,0,0,1009.9,曇,曇時々みぞれ,9,5.3,3.13,4.3
2018/3/14,0,1,3.8,2.2,6,0,0,4.5,0,1012.4,曇一時晴,曇時々雨後一時晴,8,5.6,10.78,3.8
2018/3/15,1,0,4.4,0.8,8.4,7,0,3.1,0,1006.1,雨後雪,曇後雨,10,6.9,10.08,6.7
2018/3/16,21,0,-1.2,-5.4,1.1,15,0,1.6,0,1012.9,大雪後晴,曇時々雪,10,4.2,8.99,5.8
2018/3/17,3,0,-1,-7.8,3.2,2,0,8.2,0,1020.5,晴時々曇,晴,6,3.1,19.09,2.3
2018/3/18,0,1,4,0,7.8,0,0,8.6,0,1015,雨後晴,晴後一時雨,6.8,4.5,19.32,4
2018/3/19,0,1,2.1,-1.3,6.5,0.5,0,5.3,0,1010.1,曇時々雪一時晴、あられを伴う,晴時々曇一時みぞれ,7.5,3.8,15.94,5.6
2018/3/20,7,0,-1.7,-3.4,1.3,4.5,0,3.5,0,1020.7,雪時々曇後晴,雪時々晴一時曇、あられを伴う,8.3,3.5,12.35,3.7
2018/3/21,0,1,-0.7,-6.4,4,0,0,10.8,0,1019,薄曇一時晴,晴後薄曇,6.3,3.2,21.29,3.1
2018/3/22,0,1,3.2,-0.5,6.6,0,1,0.2,0,1006.9,曇,曇,10,4.6,9.2,3.2
2018/3/23,0,1,2.3,0.1,5,0,1,9.2,0,1008.9,薄曇後晴,薄曇,9.8,4,16.79,3.3
2018/3/24,0,1,4.5,-2,10,0,1,9.9,0,1012.2,曇一時晴後時々雨,晴,5.5,4.2,19.86,2.6
2018/3/25,0,1,6.9,3.4,9.5,0.5,0,10.5,0,1009.1,晴時々曇,晴一時曇,5.3,5.3,20.84,3
2018/3/26,0,1,5.5,2.1,8.8,0,1,4.4,0,1011.7,晴,曇時々晴,6,6.1,10.81,3.6
2018/3/27,0,1,6.7,0.2,12.4,0,1,11.4,0,1012.3,晴,晴,0,5.6,20.56,4.9
2018/3/28,0,1,10.8,5,16.4,0,1,4.4,0,1005,　薄曇後晴,薄曇,8.3,7.4,11.68,5
2018/3/29,0,1,7.8,4.3,12.3,0,1,10,0,1009.1,晴後曇一時雪、あられを伴う,晴,2.5,5.9,20.76,3.7
2018/3/30,0,1,5.5,2.1,8.8,0,0,10.4,0,1017.5,快晴,晴一時雪、あられを伴う,4.3,3.7,21.64,3.9
2018/3/31,0,1,8,0.4,15.6,0,1,8.4,0,1015,曇後一時雨,晴後曇,5.8,4,18.05,1.6
2018/4/1,0,1,6.2,4.8,8.3,3.5,0,0,0,1015,曇一時雨,雨一時曇,10,7.1,4.66,1.9
2018/4/2,0,1,7,2.9,13,0,1,11.2,0,1013.7,曇一時晴,晴,5,6.3,22.48,4.8
2018/4/3,0,1,6.5,4.8,8.4,1,0,0,0,1008.9,曇,曇時々雨,10,7.7,2.06,4.3
2018/4/4,0,1,5,0.8,7.9,0.5,0,1.7,0,1010.7,晴一時雪,曇後一時晴,8.5,3,11.26,4.9
2018/4/5,0,1,2.9,-0.1,7,0,0,6.6,0,1014.1,曇一時晴,晴,6.3,2.6,18.73,4.5
2018/4/6,0,1,2.1,1.2,3.7,0,0,0,0,1007.5,みぞれ時々曇,曇後雪、みぞれを伴う,10,4.6,6.21,2.1
2018/4/7,0,1,2.7,0.8,6.1,1.5,0,0.9,0,997,雪後時々曇、みぞれを伴う,みぞれ後雨時々曇,10,5.6,6.86,2.7
2018/4/8,2,0,4.4,-0.3,8.5,3,0,3.8,0,1003.5,薄曇後晴,薄曇後一時雨,10,4.6,14.55,2.9
2018/4/9,0,1,4.5,1.8,8.6,1,0,2.4,0,1006.5,曇時々雨、みぞれを伴う,薄曇後時々雨、みぞれを伴う,8,4.7,11.6,3.1
2018/4/10,0,1,7.2,2.1,11.9,2.5,0,11.9,0,1015.1,曇一時晴,晴,6.5,3.9,24.08,3.4
2018/4/11,0,1,8.5,6.1,12.1,8,0,1.1,0,999.6,晴時々雨,雨時々曇,9,7.2,7.71,8.4
2018/4/12,0,1,7.9,3.6,14.4,1.5,0,7.8,0,1002.3,雨時々曇一時晴,晴後曇一時雨,7.3,6.1,18.29,4.1
2018/4/13,0,1,4.4,2.5,7,0.5,0,6.6,0,1016.8,曇時々晴,晴一時曇,6,4.6,18.84,5.5
2018/4/14,0,1,5.5,2,10.5,0.5,0,3.7,0,1015,雨,曇後一時雨,8,5.2,12.21,3.6
2018/4/15,0,1,4.2,0.9,6.6,11,0,0,0,995.4,雨後曇、みぞれを伴う,雨,10,6.9,4.66,2.5
2018/4/16,0,1,6.3,1.1,10.6,0.5,0,7.6,0,1010.7,晴,晴時々曇,6.5,5.5,21.06,3.9
2018/4/17,0,1,10.1,2.4,16.6,0,1,12.5,0,1018.6,快晴,快晴,0,4.9,25.35,2.5
2018/4/18,0,1,10.6,5.4,19.1,0,1,12.4,0,1012.2,快晴,晴一時薄曇,2,6.4,25.42,3.2
2018/4/19,0,1,11.1,4.4,20.1,0,0,11.1,0,1009.6,　曇時々雨一時晴,晴後薄曇,4.8,6.6,23.6,1.8
2018/4/20,0,1,12.7,8.8,19.8,0,0,10.8,0,1012.4,曇一時晴,晴一時薄曇,4.3,9.5,22.57,2.3
2018/4/21,0,1,15.8,8.9,24.5,0,0,10.5,0,1007.2,晴後曇,薄曇時々晴,5,8.5,23.2,3.2
2018/4/22,0,1,9.8,6.9,12.6,0,1,7.4,0,1017.6,薄曇後晴,曇後一時晴,10,7.7,18.49,4.1
2018/4/23,0,1,9.6,4.2,16.4,0,1,11.8,0,1021.9,薄曇,晴後薄曇,9,6,24.19,2.6
2018/4/24,0,1,10.3,7,13,0,1,0.8,0,1014.9,曇,曇,10,7.8,12.61,3.9
2018/4/25,0,1,10.1,8.3,13.3,1.5,0,0,0,1006.1,曇時々雨,曇後雨,10,7.6,5.75,1.4
2018/4/26,0,1,11.2,8.9,14.1,0,0,7.6,0,999.3,晴,曇一時雨後晴,4.8,7.2,20.45,3.9
2018/4/27,0,1,9,4.2,14.4,0,1,9.3,0,1003.9,晴,晴,5.8,5.4,19.07,4.5
2018/4/28,0,1,10.1,2.2,17,0,1,7.5,0,1004.9,曇後晴,薄曇,7,3.7,17.96,2.9
2018/4/29,0,1,13.3,5.9,21.3,0,1,11.9,0,1006.2,晴,晴後一時薄曇,2.3,7.3,22.94,3.9
2018/4/30,0,1,17.5,11.8,24.5,0,0,5.2,0,1007.3,曇一時雨,曇,7.8,8.7,15.58,4.3
2018/5/1,0,1,11.6,7.5,17.2,0,0,9.6,0,1013.6,　薄曇,　薄曇一時晴,9.3,10.3,23.19,3.5
2018/5/2,0,1,11.4,8.1,15.6,0,0,1.2,0,1012.1,雨一時曇,曇一時雨,10,8.5,8.5,2.6
2018/5/3,0,1,12.5,8.5,16.8,15.5,0,1.1,0,999,曇後晴,雨後時々曇,10,11.7,8.11,5
2018/5/4,0,1,11.5,7.5,16,0,0,6.4,0,1001,曇一時雨,晴時々曇一時雨,7.8,7.6,16.81,3.7
2018/5/5,0,1,9.3,7.7,12.6,0,0,0.9,0,1004.6,曇一時雨,曇時々雨,10,7.4,10.32,2.8
2018/5/6,0,1,8.6,6.9,10.2,14.5,0,0.4,0,1007.8,雨後曇,雨一時曇,10,9,4.98,2.4
2018/5/7,0,1,10.4,8.5,14,0,1,12.7,0,1009.2,晴一時曇,晴,5.5,8.6,27.69,4.3
2018/5/8,0,1,9.3,6.6,13.7,0,1,6.4,0,1014.7,曇一時晴,曇後晴,5.5,8,20.44,2.9
2018/5/9,0,1,9.1,5.6,14.1,0,1,6.6,0,1017.7,晴後曇,曇後晴,6,7.1,20.97,3.8
2018/5/10,0,1,9.1,5.7,14.2,0,0,7.1,0,1013.2,曇一時雨,曇一時晴,7.3,7.3,21.9,2.6
2018/5/11,0,1,13.9,6.6,20.5,0.5,0,12.2,0,1003.1,晴,晴,4.5,9.3,27.27,2.2
2018/5/12,0,1,15.9,10.2,22.1,0,1,12.1,0,1006.9,曇後一時雨,晴後薄曇,5.3,9.4,27.31,2
2018/5/13,0,1,14.1,12.1,15.4,4,0,0,0,1005,雨後曇,雨一時曇,10,11,4.03,3.9
2018/5/14,0,1,10.8,8.6,13.4,1,0,0.1,0,1002.4,霧雨後時々曇一時晴、霧を伴う,曇一時霧雨,10,11.6,7.29,4
2018/5/15,0,1,16.7,8.2,24.2,0,0,11.9,0,1004.5,薄曇後晴,晴後一時薄曇,5.5,10.9,26.59,2.6
2018/5/16,0,1,19.3,12.8,27.8,0,1,7.6,0,1000.8,曇,薄曇一時晴,8,12.5,19.04,3.3
2018/5/17,0,1,14.7,10.6,20.3,0,0,5.8,0,1001.8,薄曇,雨時々曇後晴,8.3,10.3,16.34,6.1
2018/5/18,0,1,10.5,7.8,14.5,9.5,0,0,0,1007.9,雨,曇後雨,10,8.1,5.3,3.6
2018/5/19,0,1,10.1,7.5,12.2,15.5,0,0,0,1009.4,曇後晴,雨後一時曇,10,8.5,5.66,2.8
2018/5/20,0,1,13.3,7.7,18.8,0,1,12.6,0,1014.1,晴後曇,晴,2.3,7.3,28.34,5.1
2018/5/21,0,1,15.7,10.2,21.9,0,0,12.6,0,1012.9,晴後薄曇,晴一時薄曇,6.5,9.2,28.68,2
2018/5/22,0,1,18.9,12.2,26.9,0,1,13.3,0,1012.2,晴後一時薄曇,晴,3,7.8,28.89,2.3
2018/5/23,0,1,17.3,12.5,22.3,0,0,2.5,0,1003,曇時々雨一時晴,曇後一時雨,6.8,8.8,13.76,4.3
2018/5/24,0,1,15.3,12.1,20.2,0,0,11.5,0,1001.1,曇後時々雨,晴,6.3,8.1,27.32,3.6
2018/5/25,0,1,13.4,11,18.4,0,0,4,0,998.7,曇時々雨一時晴,晴時々曇,8,9.6,16.98,4.6
2018/5/26,0,1,11.5,9.6,14.8,0,0,8.7,0,1008.4,曇時々晴,晴時々曇,9.3,8.9,26.5,5.3
2018/5/27,0,1,12.4,9.9,16.4,0,0,8.7,0,1009.9,晴後薄曇,曇一時雨後晴,5,9,24.44,3.8
2018/5/28,0,1,14.7,8.9,20.8,0,0,4.1,0,1009.8,薄曇後晴,曇一時雨,9.5,9.6,17.08,1.7
2018/5/29,0,1,16.5,10.5,23.1,0,1,13.4,0,1011.1,快晴,快晴,1.3,10.6,29.49,2.1
2018/5/30,0,1,19.8,11.2,28.2,0,0,10.3,0,1008.1,曇後時々雨,晴後一時曇,4.3,11.5,26.66,3.4
2018/5/31,0,1,17.1,15.7,21.6,5.5,0,1.6,0,1003.7,曇一時雨,雨時々曇,10,16.1,9.16,3.1
2018/6/1,0,1,15.1,12.4,17.6,0,0,9.5,0,1006.9,晴一時曇,晴一時曇,8.3,13.1,26.84,4.8
2018/6/2,0,1,16.8,11.1,23,0,0,9.2,0,1009.5,曇一時雨,薄曇一時雨,7.5,11.7,22.1,3.1
2018/6/3,0,1,19.6,14.4,23.5,0,0,6.4,0,1009.7,晴,曇時々晴一時雨,7.5,12.8,16.86,3.9
2018/6/4,0,1,22,14.5,30.7,0,1,13.4,0,1010.9,晴後薄曇,快晴,0.8,12.3,28.15,2
2018/6/5,0,1,21.6,16.9,28.7,0,1,6.1,0,1010.7,曇後一時晴,薄曇,9.8,12.7,19.06,2
2018/6/6,0,1,22.1,17.6,28.9,0,1,12.7,0,1008.7,晴後一時薄曇,快晴,2.8,12.5,28.68,2.3
2018/6/7,0,1,20.9,16.6,26.9,0,0,7.5,0,1007.2,曇一時雨,曇一時晴,8.3,13.7,20.85,2.3
2018/6/8,0,1,14.8,11.9,18.1,30.5,0,0,0,1003.5,雨後曇,雨一時曇、雷を伴う,10,15.3,3.15,3
2018/6/9,0,1,11.7,10.3,14.3,0,0,0.6,0,1005.3,曇時々晴,曇一時雨,9.5,9.7,10.08,6
2018/6/10,0,1,12.5,8,16.9,0,0,11,0,1010.6,曇一時雨,薄曇一時晴,9.5,8.6,25.44,4.1
2018/6/11,0,1,14.1,11.3,16.5,0,0,4.8,0,1005,雨一時曇,曇,10,11.4,16.66,5.7
2018/6/12,0,1,11.2,8.5,14.3,54.5,0,0,0,997.8,雨,大雨,10,12.3,2.79,2.2
2018/6/13,0,1,9.4,7.8,11.5,8,0,0,0,1000.2,曇時々雨,雨,10,10.2,6.11,3.6
2018/6/14,0,1,10.5,9.2,13.7,0,0,4.9,0,1008.9,曇一時雨後晴,曇時々雨一時晴,9.3,8.1,22.29,6.5
2018/6/15,0,1,12.4,7.2,18,0,0,9.5,0,1012,曇,晴一時曇,7.3,8.6,26.78,2.6
2018/6/16,0,1,14,11.2,19.8,0,1,5.9,0,1012,曇後晴,晴時々曇,9,10.5,21.89,2.5
2018/6/17,0,1,13.2,10.3,16.6,0.5,0,4,0,1011.4,雨時々曇,曇,7.5,10,17.07,4.4
2018/6/18,0,1,15.4,11.4,20.2,0.5,0,4.1,0,1008.8,曇後晴,曇後晴,9.3,12.3,18.01,5.2
2018/6/19,0,1,19.4,15.2,24.4,0,1,13.8,0,1006.7,晴後薄曇,晴,1.5,14.4,29.79,6.7
2018/6/20,0,1,17.1,15.5,20.5,7,0,2.2,0,1002.2,雨後曇一時晴,霧雨一時曇,10,15.2,11.09,8
2018/6/21,0,1,17.7,15,22.1,3,0,4.9,0,996.5,曇時々雨一時晴,曇時々晴後一時雨,9.5,14.1,17.49,5.4
2018/6/22,0,1,19,13.5,25,0.5,0,6.4,0,996.9,晴,曇時々晴,7,13.8,18.83,2.2
2018/6/23,0,1,21.6,17.1,26.2,0,0,3.7,0,996,曇一時雨後晴,晴後曇,8,12.7,9.07,4
2018/6/24,0,1,16.6,13.1,22.3,0,0,3.2,0,998,雨時々曇一時霧雨,曇一時雨,9.3,13.7,13.62,4.1
2018/6/25,0,1,13.5,11.7,16.5,1.5,0,2.4,0,1009.6,曇時々晴,曇,9.3,10.6,14.66,5.8
2018/6/26,0,1,15.9,10.9,21.2,0,0,4.3,0,1010.6,曇後雨,曇後一時雨,10,11.3,16.71,3.3
2018/6/27,0,1,17.9,15.8,19.7,35,0,0,0,994.2,雨時々曇,大雨後時々曇,10,18.1,3.65,3.9
2018/6/28,0,1,19.1,15.1,23.2,0,0,1.6,0,998.6,薄曇後雨,曇,10,18,12.38,2.7
2018/6/29,0,1,20.8,18.7,23.5,0.5,0,0,0,1002.1,曇,曇時々雨,10,19.8,7.74,4.3
2018/6/30,0,1,22,18.7,28.6,0,1,8,0,1011.1,薄曇後雨,薄曇,10,20.1,24.69,2
2018/7/1,0,1,22.4,20.1,25.1,5,0,0,0,1012.8,曇一時雨,雨,10,24.2,7.21,1.7
2018/7/2,0,1,22,19.9,25,38.5,0,0.1,0,1010,曇一時雨,大雨一時曇,10,23.7,6.3,1.8
2018/7/3,0,1,22.1,20.3,24.2,6,0,0,0,1003.3,曇時々雨、雷を伴う,雨時々曇,10,24.3,5.75,1.5
2018/7/4,0,1,20.9,15.9,24.3,8,0,0.3,0,1000,雨一時曇,曇時々雨,10,22.6,6.54,2
2018/7/5,0,1,14.1,12.1,16,61,0,0,0,1000.6,曇後時々晴,大雨,10,13.9,4.45,2
2018/7/6,0,1,14.7,10.5,19.3,0,1,8.2,0,1012.3,曇一時晴,晴時々曇,6.8,10.8,26.08,2.1
2018/7/7,0,1,15,13.2,16.5,0,0,0,0,1014,曇一時晴,曇後一時雨,10,11.8,9.73,3.7
2018/7/8,0,1,18.6,14.1,24.2,0,1,9.9,0,1014.7,曇後一時雨,晴時々曇,8,14.2,24.96,2.4
2018/7/9,0,1,19.4,16.3,23.6,0,0,1.5,0,1015.7,曇,曇後一時雨,9.5,16.3,13.59,1.7
2018/7/10,0,1,19.7,17.1,24.6,19.5,0,1.4,0,1014.1,雨,曇後雨,10,18.7,11.99,1.3
2018/7/11,0,1,18,15.8,22.1,9.5,0,6.6,0,1010.4,曇後時々晴,晴時々曇,7.3,17.2,23.97,4.8
2018/7/12,0,1,20.8,14.7,27.4,0,0,8.7,0,1007.7,曇一時雨,曇,7.8,17.1,23.06,2.1
2018/7/13,0,1,20.4,18.6,23.9,0.5,0,0.3,0,1004.3,曇後雨,雨時々曇,10,19.1,8.36,1.6
2018/7/14,0,1,22.8,19.1,28.2,0.5,0,3.9,0,1007,曇後雨,曇,10,20.8,18.88,2.3
2018/7/15,0,1,20.3,18.5,22.9,6.5,0,0.3,0,1003.6,曇一時晴後霧雨、霧を伴う,雨時々曇、雷を伴う,10,20.2,4.89,3.7
2018/7/16,0,1,18.7,17.5,21.3,0.5,0,0,0,1006.6,曇,曇一時霧雨,9.8,,8.82,2.6
2018/7/17,0,1,20.1,17.3,24.1,0,0,4.7,0,1006.9,曇,曇,10,17.8,16.89,2.2
2018/7/18,0,1,20.9,18.3,25,0,0,3.5,0,1007.8,晴一時曇,曇後時々晴,6.3,18.6,18.1,2
2018/7/19,0,1,21.4,17.6,26.7,0,1,6.5,0,1007.6,晴後一時曇,晴時々曇,7,20.3,20.34,3
2018/7/20,0,1,25.1,21.2,29.3,0,1,11.2,0,1005.6,薄曇,薄曇一時晴,9.3,23.7,25.57,3.6
2018/7/21,0,1,24.8,20.7,30.8,0,0,2.4,0,1003,曇一時雨,曇,10,24.1,14.36,2.1
2018/7/22,0,1,20.7,17.7,23.9,0,0,2.5,0,1003.2,曇,霧雨後曇,10,19.2,11.28,4.7
2018/7/23,0,1,20.1,17,25.4,0,0,10.4,0,1004.4,晴後曇,晴,6.3,16.9,25.48,3.4
2018/7/24,0,1,21.2,17.8,25.7,0,1,8.8,0,1005.1,晴一時曇,曇後晴,4.8,17.4,24.7,2.7
2018/7/25,0,1,24,19.4,29.7,0,1,13.1,0,1006.6,薄曇,薄曇,10,21,26.25,2.5
2018/7/26,0,1,24.6,20.3,30.4,0,1,9.7,0,1006.5,晴,曇後晴,7,22.6,24.45,3.9
2018/7/27,0,1,24.8,20,31.9,0,1,12.5,0,1006.7,快晴,快晴,0.3,22.3,26.7,2.8
2018/7/28,0,1,24.7,20.1,28.6,0,1,13.5,0,1007.1,晴一時曇,晴,1.5,21.5,28.67,5.9
2018/7/29,0,1,27.3,24.8,31,0,1,13.1,0,1007.5,晴,晴,3.8,26.5,27.88,5.9
2018/7/30,0,1,27.1,24.1,31.8,0,1,11.9,0,1005.1,晴後一時薄曇,晴,7.5,26.1,26.11,5.7
2018/7/31,0,1,27.9,23.7,33.9,0,1,12.4,0,1000.3,晴後曇,晴,4.8,26.9,25.68,3.2
2018/8/1,0,1,25.5,22.7,32.5,0,0,8.6,0,997.2,曇一時晴,晴一時曇,8.8,21.8,23.42,3.4
2018/8/2,0,1,24.5,20.5,29.6,0,1,12.3,0,1002,晴,薄曇後晴,4.5,18.4,26.51,3.2
2018/8/3,0,1,23.1,19.5,28.7,0,0,9.8,0,1003.7,曇,晴後曇一時雨,6,20,24.28,3.8
2018/8/4,0,1,21.3,18,25.8,0,0,1.8,0,1005.4,雨時々曇,曇一時雨,10,16.6,14.67,3.7
2018/8/5,0,1,20.4,16.9,25.5,0,0,6.5,0,1004.4,晴後一時曇,曇時々晴,7.5,17.2,18.88,3.6
2018/8/6,0,1,21.2,16.3,27.5,0,1,10.1,0,1007.6,薄曇後晴,晴,3,16.4,25.65,2.1
2018/8/7,0,1,19.9,16.5,24.1,0,1,13.2,0,1012.1,晴時々曇,晴,3.8,14.6,27.06,5.3
2018/8/8,0,1,22.3,16.9,27.4,0,0,5,0,1009.1,曇後一時雨,晴後曇,9,16.6,17.89,3.2
2018/8/9,0,1,22.5,20.9,25.4,2.5,0,0,0,1003.5,雨一時曇,曇時々雨,10,23.4,8.43,1.9
2018/8/10,0,1,22.6,20,26.9,17,0,1.1,0,999,大雨後一時曇、雷を伴う,雨時々曇,10,25,10.29,1.9
2018/8/11,0,1,20.5,19.1,22.1,24.5,0,0,0,1002.1,雨時々曇,雨一時曇,10,22.6,5.22,1.8
2018/8/12,0,1,22.9,19.8,26.8,0.5,0,4.5,0,1006.9,曇後時々雨,曇,9.8,22,15.57,1.5
2018/8/13,0,1,22.4,20.9,26.6,29,0,0.7,0,1008.3,雨,雨時々曇,10,23.8,8.91,2
2018/8/14,0,1,21.2,19.9,23.4,7,0,0,0,1008.5,雨一時曇,雨一時曇,10,22.8,7.7,2.1
2018/8/15,0,1,20.3,19,21.9,31.5,0,0,0,1008.1,雨後時々曇,雨,10,23,2.99,1.5
2018/8/16,0,1,16.9,13.7,19.6,44,0,0,0,1001.1,雨一時曇,大雨,10,18.1,2.55,3.3
2018/8/17,0,1,16,13.2,19.9,7,0,3.5,0,1006,晴後曇,雨時々曇後晴,7.3,13.4,14.36,5
2018/8/18,0,1,17.5,12.8,23,0,1,8,0,1009.4,晴後曇,晴時々曇,6.8,13.9,21.87,2.9
2018/8/19,0,1,19.3,15.6,22.7,3.5,0,0.2,0,1008.7,晴,曇時々雨,9.3,17.3,7.19,2.8
2018/8/20,0,1,22.3,16.1,27.9,0,1,7.7,0,1009.1,曇,晴後曇,5,20.4,17.95,1.7
2018/8/21,0,1,21.8,20,25.2,6,0,0.4,0,1007.4,雨時々曇、雷を伴う,曇後雨,10,21.1,8.05,4.2
2018/8/22,0,1,25.2,21.1,29.7,9,0,3.9,0,1004.3,曇,曇時々雨一時晴、雷を伴う,9,25.9,12.72,2.9
2018/8/23,0,1,24.2,20.7,29.4,0,1,7.2,0,1009.6,曇,曇一時晴,10,20.5,18.65,2
2018/8/24,0,1,22.1,20.6,24,8,0,0.2,0,1005,雨,曇後雨,10,22.1,3.73,2.2
2018/8/25,0,1,20.6,19.3,24.3,24,0,0.8,0,1001.7,雨後一時曇,雨時々曇,9.3,21,9.61,6.4
2018/8/26,0,1,21,17.4,24.6,0,0,2.7,0,1003.6,雨一時曇,曇時々晴,9,20.3,10.4,3.5
2018/8/27,0,1,18.9,16.7,22,1,0,7,0,1010.3,曇時々晴後一時霧雨,雨時々曇後晴,8.3,17.8,18.68,4.4
2018/8/28,0,1,19.8,17.5,23.3,0,0,2.5,0,1013.4,晴時々曇,曇一時雨,10,17.9,13.72,4.4
2018/8/29,0,1,19.4,17.8,22.3,0,1,5,0,1013.1,曇,曇,9,16.5,15.78,5.1
2018/8/30,0,1,19.9,18,21.8,11.5,0,0,0,1004.9,曇一時雨,雨時々曇,10,20.5,5.37,4.4
2018/8/31,0,1,20.4,19.3,22.2,2.5,0,0.7,0,1002.4,曇後一時雨,雨一時霧雨後曇,9.8,21.4,7.91,3.4
2018/9/1,0,1,19.5,16,23.5,0.5,0,7.1,0,1007.8,晴,曇後晴,7.5,17.3,18.76,4.8
2018/9/2,0,1,19,13.5,24.5,0,1,12.1,0,1012.2,晴後曇,晴後薄曇,3.8,13.9,22.8,2.1
2018/9/3,0,1,19.7,15.9,22.8,1.5,0,2.4,0,1010.4,曇時々雨,曇一時晴後時々雨,9.5,18.9,10.64,5.3
2018/9/4,0,1,23,19.9,25.9,3.5,0,3,0,1001.3,暴風雨,曇時々雨、大風を伴う,9.8,22.2,12.36,8.3
2018/9/5,0,1,24.8,20.9,28.2,35,0,6.8,0,990.9,曇一時雨後晴、雷を伴う,曇時々雨後晴,9.3,21.7,19.03,6.9
2018/9/6,0,1,23.3,20.2,27.4,0,0,6.4,0,999.9,晴後曇,晴一時雨,4.8,18,13.51,4.1
2018/9/7,0,1,22.5,20.1,25.4,0,0,0.4,0,1001,雨時々曇,曇時々雨,9.8,20.1,6.45,4.9
2018/9/8,0,1,21.3,18.1,24.9,0,0,4.3,0,1006.2,曇,曇,10,16.2,12.78,2.4
2018/9/9,0,1,18.3,16.4,20.6,0,0,0.3,0,1015.9,曇,曇一時雨,9.8,13.2,7.45,2.2
2018/9/10,0,1,16,13.9,17.7,0,1,0.2,0,1017.8,晴,曇,9.5,11.3,4.93,1.5
2018/9/11,0,1,15.6,11,20.5,0,1,11.2,0,1020.2,快晴,晴,0.3,11.3,22.46,2.9
2018/9/12,0,1,16.5,10.5,22.1,0,1,10.8,0,1020.9,薄曇後晴,　薄曇一時晴,7.5,12.5,19.27,4.6
2018/9/13,0,1,18.8,13.8,23.2,0.5,0,8.4,0,1016.9,曇一時雨,晴時々曇,6.8,16.4,18.11,5.4
2018/9/14,0,1,21,17.5,26.7,0.5,0,10.4,0,1014.4,晴後一時薄曇,晴,2.8,18.6,19.91,2.5
2018/9/15,0,1,20.5,14.5,27.7,0,1,10.8,0,1012.7,薄曇後一時晴,薄曇時々晴,6.5,16.9,19.09,2.1
2018/9/16,0,1,21.3,16.7,26.3,0,1,5.4,0,1008.8,曇後一時晴,曇,10,18.2,12.64,2.5
2018/9/17,0,1,21.1,16.9,26.2,0,1,10.9,0,1005.7,快晴,晴,3,14,21,2.6
2018/9/18,0,1,19.7,15.5,24.6,0,1,9.7,0,1007.3,晴,晴,3.5,11.2,19.37,4
2018/9/19,0,1,18.5,13.7,22.3,0,1,10.3,0,1007.7,晴後一時雨,晴,2.8,10.9,20.17,4.6
2018/9/20,0,1,17.7,12.5,23,0,0,10.9,0,1010.3,快晴,晴,1.8,10.9,20.43,2.6
2018/9/21,0,1,18.1,11.5,24.5,0,1,8.8,0,1013.6,曇後時々雨,晴後薄曇,4.8,12.6,18.46,2.9
2018/9/22,0,1,17.1,14.7,18.5,3,0,0.5,0,1010.1,雨後曇時々晴,曇一時雨,10,13.7,7.28,5.7
2018/9/23,0,1,18.5,16.2,22,0,0,7.3,0,1011,曇,晴一時雨,8,17,16.45,4.1
2018/9/24,0,1,19.2,15.9,24.1,1.5,0,2.3,0,1010.4,曇,曇一時雨,10,16.8,9.07,3.3
2018/9/25,0,1,17,12.6,20.7,0,0,6,0,1013.1,薄曇後晴,薄曇,10,12.2,13.93,2.8
2018/9/26,0,1,15.1,10.9,19.8,1.5,0,4.7,0,1017.2,薄曇一時雨,晴後雨時々曇,5.3,12.2,10.62,2.1
2018/9/27,0,1,15.3,11.7,19.1,0,0,1.6,0,1016.2,曇一時晴,曇,10,12,10.12,2.1
2018/9/28,0,1,15.3,12.2,19.6,1,0,3.3,0,1014.3,晴,曇時々雨一時晴,7,13.6,9.76,1.5
2018/9/29,0,1,15.6,10.2,21.3,0,1,8.1,0,1015.8,薄曇一時晴,晴,5.3,12.5,15.62,1.3
2018/9/30,0,1,16.8,13.2,19.3,1,0,0,0,1006.1,雨一時曇,曇一時雨,10,15.9,3.91,2.5
2018/10/1,0,1,18,15.9,20.6,16.5,0,0.2,0,987.9,晴時々雨,曇時々雨,9,17,6.51,3.9
2018/10/2,0,1,15.3,11.9,18.8,10.5,0,6.8,0,1002.9,快晴,晴一時雨,4.5,11.6,14.54,4.7
2018/10/3,0,1,15.2,10.5,22.1,1,0,6.2,0,1014.7,快晴,晴時々曇一時雨,3.5,10.9,11.78,3.2
2018/10/4,0,1,14.7,9,20.6,0,1,10.9,0,1023.8,快晴,快晴,0,9.6,18.01,2.7
2018/10/5,0,1,14.7,7.5,20.9,0,1,8,0,1022.9,曇,薄曇一時晴,6.8,11.3,14.13,1.6
2018/10/6,0,1,15.8,13.4,19.6,9.5,0,0,0,1013.3,雨,曇時々雨,10,14.2,6.12,2.2
2018/10/7,0,1,15,12.9,19.6,22.5,0,1,0,998.9,曇時々雨一時晴,雨時々曇一時晴,8.5,15.6,5.23,4.9
2018/10/8,0,1,16.5,13,20.3,0,0,6.9,0,1010.2,雨時々曇一時晴,晴後一時曇,5.5,13.2,13.07,1.8
2018/10/9,0,1,15.2,11.5,19.9,2.5,0,8.1,0,1013.3,薄曇時々晴,薄曇一時雨,8.8,10.4,12.83,2.2
2018/10/10,0,1,13.4,9.1,16.7,0,0,0.5,0,1015,曇時々雨,曇後一時雨,8.8,9.7,5.9,2.7
2018/10/11,0,1,16.2,13.2,20.4,1,0,0.7,0,1011.4,雨,曇,9.3,14.7,6.11,4
2018/10/12,0,1,14.1,12.5,18.1,8.5,0,4.6,0,1010.7,晴時々雨,曇時々雨一時晴,6.5,11.9,10.35,3.5
2018/10/13,0,1,13.5,10.1,18.3,0.5,0,5.5,0,1020.8,快晴,晴時々曇,5.8,11,11.75,1.9
2018/10/14,0,1,12.3,8.4,17.2,1.5,0,4.8,0,1018.7,晴一時曇,晴後雨時々曇,4,11.5,8.2,2.8
2018/10/15,0,1,14,9.7,19.5,0.5,0,6.3,0,1013.9,晴後曇一時雨,晴後一時雨,3.3,11.6,12.21,3.2
2018/10/16,0,1,12.2,8.9,15.4,0.5,0,4.3,0,1010,曇時々雨後晴,晴一時雨,8.5,9.8,8.22,1.9
2018/10/17,0,1,10.2,6.8,14,0,0,6.9,0,1010,晴時々曇一時雨,晴時々曇一時雨,6.5,7.5,14.11,3.4
2018/10/18,0,1,10.2,7.2,13.6,2.5,0,5.4,0,1014.6,雨後晴,雨時々曇,6.5,8.9,10.66,2.8
2018/10/19,0,1,9.6,5.2,15.3,0,1,9.9,0,1018.3,快晴,快晴,1,8.3,14.8,1.3
2018/10/20,0,1,10.8,4.7,17.9,0,0,6.8,0,1016.2,快晴,晴後一時雨,2,8.9,11.73,1.8
2018/10/21,0,1,12.2,5.7,19.4,0,1,9.1,0,1016.5,晴,快晴,1.8,9.9,12.89,2.1
2018/10/22,0,1,11.6,7.3,17.3,0,1,9.4,0,1020.8,晴,晴,1.8,9.9,13.18,1.5
2018/10/23,0,1,14,10.8,17.5,0,0,2.9,0,1019.1,雨,曇時々雨一時晴,7.3,12.8,6.89,5.4
2018/10/24,0,1,14.5,10.6,20.3,17.5,0,3.9,0,1010.9,晴,雨後晴,5.5,12.2,8.66,4.5
2018/10/25,0,1,13,8,18.4,0.5,0,7.2,0,1013.9,晴時々曇一時雨,晴後一時雨,3.5,8.9,11.38,3.2
2018/10/26,0,1,12.4,7.1,16.4,0,0,7.2,0,1015.6,雨一時曇,薄曇一時晴,8,9.9,10.73,3.3
2018/10/27,0,1,14.2,9.9,19.7,60.5,0,2.6,0,1000.5,晴,大雨時々曇一時晴,5.5,12.1,4.08,4.9
2018/10/28,0,1,10.2,6.6,14.9,1.5,0,3.6,0,1003.5,晴時々曇後雨,曇時々晴一時雨,5.3,8.6,7.71,2
2018/10/29,0,1,10.6,6.5,14.4,13.5,0,5.1,0,999,晴後一時雨,雨後時々晴、雷を伴う,5.8,7.9,8.29,5.8
2018/10/30,0,1,7.2,4.3,10.2,4,0,5.3,0,1001.7,雨後一時晴,雨時々晴,5.8,6.6,9.63,3.1
2018/10/31,0,1,6.6,4.3,10.1,12,0,1.3,0,1003.5,雨時々曇一時晴,雨一時曇,8,8.2,4.17,3
2018/11/1,0,1,7.5,5,11.2,7.5,0,1.8,0,1013.6,曇時々雨一時晴,雨時々曇,8.5,9.1,6.04,1.7
2018/11/2,0,1,9,5.7,13.7,0,0,5,0,1019.8,快晴,曇後晴,4.8,8.7,8.86,1.8
2018/11/3,0,1,9.3,3.9,16,0,1,9.4,0,1018.6,快晴,快晴,0,8.5,12.1,1.2
2018/11/4,0,1,10.9,4.4,17.9,0.5,0,8.1,0,1016.7,曇一時雨後晴,晴,3,8.9,11.46,1.7
2018/11/5,0,1,11.2,6.7,14.8,0,0,3.1,0,1019.1,雨時々曇,　曇後一時雨,7.5,10.8,6.16,1.2
2018/11/6,0,1,10.9,9.3,12.1,0,0,0.2,0,1020.1,曇後一時雨,曇,10,10.4,2.85,2.5
2018/11/7,0,1,8,4.1,11.2,1,0,4.9,0,1024.7,晴一時曇,曇一時晴,5.5,6.4,9.17,2.9
2018/11/8,0,1,7.3,2.1,10.6,2.5,0,5.8,0,1025.6,雨後時々曇,晴後雨時々曇,5.5,8,8.11,2.2
2018/11/9,0,1,12.2,10.3,15.6,3.5,0,0.1,0,1016,雨後時々曇,雨一時曇,10,11.7,2.67,7.8
2018/11/10,0,1,13.7,8.2,17.2,2,0,1.9,0,1012.5,晴後時々曇一時雨,晴後時々雨,5.8,10.5,5.13,3.1
2018/11/11,0,1,8.9,7.3,11.5,0,0,2.8,0,1013.5,曇,雨時々曇一時晴,9.5,7.7,6.04,2
2018/11/12,0,1,8.8,6.4,12.4,0,0,3.6,0,1011.3,曇後晴一時雨,曇一時晴,9.8,6.9,6.76,2.1
2018/11/13,0,1,6.7,4.6,9.6,6,0,2.1,0,1012.7,曇時々雨一時晴,雨時々曇一時晴,9.8,7.6,6.1,2.5
2018/11/14,0,1,5.1,3.4,7.5,5,0,1.6,0,1015.9,雨時々曇、あられを伴う,雨時々曇一時晴,9.3,7.5,4.85,1.6
2018/11/15,0,1,6.6,4.3,10.2,2.5,0,2.8,0,1018.7,曇,曇時々雨一時晴,9,7,6.33,2.4
2018/11/16,0,1,9.3,5.7,12.4,3.5,0,0.3,0,1014.3,雨後一時晴,曇,10,7.3,4.46,3.2
2018/11/17,0,1,5,4,7.3,1,0,4.7,0,1013.8,曇,晴後曇,7.5,5,7.9,4.3
2018/11/18,0,1,6.3,4.5,9.9,0,0,1.7,0,1014.6,曇一時雨,曇時々晴一時雨,9.8,5.1,5.14,2.1
2018/11/19,0,1,5.7,3.3,7.3,4.5,0,0,0,1011.4,雨時々みぞれ一時曇、あられを伴う,雨時々曇,9.3,7,1.72,3.1
2018/11/20,0,1,4,1.7,7.3,1,0,3.6,0,1014.8,曇時々晴一時雪,晴後雨一時曇,6.3,5.3,6.41,3.6
2018/11/21,3,0,1.8,-0.1,4.1,7.5,0,2.2,0,1014.9,曇一時晴,雪時々晴,10,5.3,5.19,2.7
2018/11/22,9,0,0.9,-1.2,2.8,13,0,0.9,0,1009.8,雪時々曇後一時晴、あられを伴う,曇後雪,10,5.3,3.27,2.9
2018/11/23,2,0,-1.2,-3,1,2,0,7.6,0,1013.3,晴,晴一時雪,5.3,3.3,10.13,4.5
2018/11/24,0,1,0.8,-3,3.9,0,0,5.7,0,1020.3,曇時々晴一時みぞれ,晴一時曇,6,4.4,8.42,2.1
2018/11/25,0,1,5.1,-0.2,8.3,0,0,2.1,0,1014.8,雨時々曇,曇時々雨一時雪,8.8,6.6,5.38,3.8
2018/11/26,0,1,5.9,2.6,9.6,6.5,0,6.4,0,1017.4,晴後一時曇,晴一時雨,4.5,5.6,8.04,3.7
2018/11/27,0,1,9.3,2.5,14,0.5,0,4.2,0,1010.8,雨時々曇,晴一時雨,8.3,7.5,5.78,3.5
2018/11/28,0,1,3.9,1,6.4,1.5,0,6.3,0,1012.3,曇一時雪後晴,晴時々雪一時雨,5.8,4.8,8.09,4
2018/11/29,3,0,0,-2.6,2.7,1,0,4,0,1014.4,雪時々曇,晴時々雪,7.3,4,5.51,3.2
2018/11/30,1,0,-1.4,-4,0.7,0.5,0,3.9,0,1016.3,曇後一時晴,雪後晴一時曇,8.8,3.6,6.72,2.8
2018/12/1,1,0,-0.2,-2,1.7,1.5,0,0.5,0,1015.5,曇一時雪,雪時々曇,10,4.2,4.5,3.8
2018/12/2,0,1,3.5,-2.5,7.6,0,1,8.4,0,1022.9,晴後薄曇,快晴,2.3,4.4,8.9,3.1
2018/12/3,0,1,6.8,-0.4,13,0,1,8.1,0,1019.9,晴後雨時々曇,晴,2.8,6.7,8.17,2.7
2018/12/4,0,1,10.1,7.5,12.7,10.5,0,0,0,1006,雨,雨一時曇,9.8,10.9,2.79,6.2
2018/12/5,0,1,2.2,-2.2,8,1.5,0,1.6,0,1014.2,雪一時曇,曇時々雪一時雨,9.3,5,3.62,5.8
2018/12/6,1,0,-0.9,-2.2,0.8,0,0,0.4,0,1019.2,雪時々曇一時晴,曇一時雪,10,4.3,3.27,1.8
2018/12/7,17,0,-3.2,-5.8,-1.9,13,0,0,0,1008.6,曇時々雪後晴,雪一時晴,10,4.1,1.21,3.2
2018/12/8,3,0,-5.9,-7.9,-5.1,2,0,0.5,0,1011.7,晴一時雪,雪一時曇,7.5,2.9,3.7,2.4
2018/12/9,0,1,-5.8,-8.1,-4,0.5,0,1.9,0,1015.4,晴時々曇,晴後雪一時曇,5.8,2.5,3.95,3.3
2018/12/10,0,1,-5.5,-8.4,-2.8,0,0,8.1,0,1022.4,晴,晴,2,2.3,9.17,3.4
2018/12/11,2,0,-3.9,-8.8,-1.4,0,0,0.2,0,1023.9,曇一時晴,雪時々曇,7.5,3.6,4.1,1.5
2018/12/12,3,0,-3.1,-5.9,-1.6,2,0,0,0,1014.6,晴一時雪,曇後雪,8.3,4,2.04,1.3
2018/12/13,0,1,-3.6,-6.9,-1.2,0,0,7.5,0,1015,曇後一時雪,晴後一時曇,5.3,3.3,8.22,1.8
2018/12/14,22,0,-2.6,-4.9,0.7,14,0,1.8,0,1015.8,雪時々曇,雪時々晴,8,4,4.02,3.5
2018/12/15,3,0,-1.4,-4.3,0.9,1,0,4.2,0,1019.9,曇,晴一時雪,8.3,3.7,6.83,2.1
2018/12/16,0,1,2.7,-0.4,4.9,1,0,0.9,0,1012.5,雨後時々曇,曇時々みぞれ一時雨,9.8,5.5,3.81,3.8
2018/12/17,2,0,1.6,0,2.8,1.5,0,0,0,1002.5,雪時々曇一時みぞれ,みぞれ時々曇、あられを伴う,9,6.3,1.51,1.8
2018/12/18,7,0,-0.8,-2.3,0.6,5,0,1.7,0,1002.3,雪時々曇一時晴,雪時々曇一時晴,9.3,4.5,4.03,2.7
2018/12/19,7,0,-1.2,-3.8,2.2,3,0,1.3,0,1003.3,雪後晴,晴後雪一時曇,9.3,4.3,4.05,3.2
2018/12/20,0,1,-1.8,-4.4,0.7,0,0,4.7,0,1011.1,晴,晴後一時雪,3.5,3.1,6.63,4
2018/12/21,0,1,0.7,-5.3,3.4,0,0,2.8,0,1018,曇後時々雪,晴後曇,6.3,4.2,4.86,2.5
2018/12/22,1,0,1.6,0.7,2.8,0.5,0,0.5,0,1015.9,曇時々みぞれ,みぞれ時々雪一時曇,10,6.1,3.02,1.3
2018/12/23,4,0,1.8,-1,4.3,1.5,0,0,0,1011.4,雪後時々曇,曇,10,5.8,2.4,2.5
2018/12/24,0,1,-2.8,-4.1,-1,1,0,3.5,0,1010.1,曇時々雪,晴時々雪,7,3.2,5.37,4
2018/12/25,1,0,-1.3,-3.3,0.9,0,0,2.7,0,1012.9,雪時々曇一時晴,晴時々雪,9.3,3.8,6.96,1.8
2018/12/26,5,0,-1.9,-6.8,1.2,2.5,0,3.8,0,1007.2,雪,晴時々雪,7.5,3.9,6.05,2.3
2018/12/27,4,0,-7.2,-8.9,-5.9,3,0,1.3,0,1001,曇時々雪,雪後時々曇,9.5,2.5,4.23,2.6
2018/12/28,7,0,-4.7,-7.1,-2.7,3.5,0,5.8,0,998.8,曇時々雪後一時晴,曇時々晴一時雪,9.3,2.7,7.51,5.7
2018/12/29,5,0,-3.5,-5.1,-1,2,0,3,0,1003.6,晴後曇時々雪,雪時々晴,6.3,3,5.86,5.3
2018/12/30,9,0,-0.9,-4.5,0.8,12.5,0,0.5,0,1013.2,雪時々曇,雪後時々曇、あられを伴う,9.8,4.4,2.88,5.5
2018/12/31,2,0,-1.2,-3.6,0.5,3.5,0,0.1,0,1020.4,曇時々雪一時晴,雪時々曇、あられを伴う,9,4.8,2.76,2.9
2019/1/1,4,0,-1.9,-3.1,-0.5,1,0,1.3,0,1013.8,曇後晴,雪時々曇,9.5,3.9,4.79,2.8
2019/1/2,0,1,-4.1,-7,-0.6,0,0,4.9,0,1013.9,晴一時曇,曇時々晴一時雪,5.5,3,6.75,2
2019/1/3,0,1,-3.3,-8.1,-0.8,0,0,0.4,0,1018,曇,雪時々曇,9.8,3.2,3.89,2.8
2019/1/4,1,0,-0.2,-2.6,2.9,0.5,0,1.2,0,1017.4,雪時々曇,曇後時々晴,9.8,3.8,4.95,2.3
2019/1/5,13,0,-2.2,-3.7,-0.3,5.5,0,3.2,0,1008,雪時々曇,雪時々曇一時晴,7.5,4,4.76,4.9
2019/1/6,7,0,-3,-4.8,-1.2,3.5,0,4.2,0,1011.5,雪一時曇、あられを伴う,晴後曇時々雪,8.8,3.3,5.66,4.6
2019/1/7,3,0,-4.8,-6.9,-3.1,3.5,0,3.6,0,1013.4,晴時々曇,曇時々雪、あられを伴う,6.8,3.2,5.89,2.9
2019/1/8,0,1,-3.5,-7,0.3,0,0,3.7,0,1008.5,曇後雪,曇時々雪一時晴,9.3,3.2,6.58,2.1
2019/1/9,6,0,-2,-4.7,0.7,3,0,4.7,0,1009.1,曇時々雪一時晴,曇時々雪後晴、あられを伴う,9,3.3,7.13,4.3
2019/1/10,4,0,0.5,-2.4,4.1,2,0,6.1,0,1005.6,雪,晴一時曇,7.3,3.8,8.37,3.9
2019/1/11,20,0,-3.6,-5.9,-1.8,15,0,0.3,0,1013.2,曇一時雪,雪後一時曇,10,3.6,2.72,3.8
2019/1/12,0,1,-2.4,-5.1,-0.2,0.5,0,1.1,0,1017.5,曇時々雪,雪時々曇,9.8,3.6,4.85,3.6
2019/1/13,0,1,-5.1,-7.5,-2.3,0,0,6.9,0,1020.6,晴一時雪,晴一時雪,7.5,2.8,8.52,1.2
2019/1/14,0,1,-5,-8.7,-1.9,0,0,8,0,1021.6,晴,晴,2.5,2.9,8.92,1.7
2019/1/15,0,1,0.1,-4.7,3.5,3.5,0,0.1,0,1009.1,雪時々みぞれ一時雨,曇後みぞれ,8.8,4.9,4.36,5.1
2019/1/16,7,0,-3,-4.4,0.2,2,0,6.3,0,1004.5,雪,晴時々雪,5.5,3.4,8.66,3.4
2019/1/17,5,0,-7.9,-12.3,-3.9,6,0,0,0,999.2,雪時々曇,雪,10,2.6,3.1,3.7
2019/1/18,9,0,-5,-9.2,-2,6,0,2.7,0,1004.9,雪後時々曇,雪後一時曇,10,3.1,6.83,6.4
2019/1/19,0,1,-1.8,-3.8,1.1,0,0,6.8,0,1012,晴後曇,晴一時曇,6.3,3.1,9.21,3.8
2019/1/20,2,0,-2.4,-5.1,1.3,1,0,0.1,0,1001.5,晴時々雪,曇後雪,9,3.8,5.33,3.3
2019/1/21,1,0,-5.2,-7.5,-2.8,0.5,0,4.9,0,998.6,晴後時々曇,雪後晴,5.8,2.3,7.04,4.1
2019/1/22,0,1,-4.3,-7.7,-1.4,0,1,6.6,0,1004.8,晴後一時曇,晴,3.8,2.7,8.76,2.9
2019/1/23,12,0,-2.3,-6.7,1.5,4.5,0,2.8,0,1003.1,曇時々雪後一時晴,薄曇後雪,10,4.1,6.36,4
2019/1/24,1,0,-1.9,-4.6,-0.5,4,0,0.1,0,1002,雪一時曇、あられを伴う,雪一時曇、あられを伴う,10,4.1,4.24,6.1
2019/1/25,13,0,-1.6,-2.6,-0.7,13,0,0.1,0,1010,雪時々曇,雪一時曇、あられを伴う,10,4.7,2.95,4.3
2019/1/26,3,0,-2.8,-4.4,-0.6,2.5,0,2,0,1008.6,曇時々雪,曇一時雪,10,3.9,7,1.9
2019/1/27,1,0,-4.3,-6.8,-1.7,0,0,6,0,1012,晴後時々曇,曇後晴時々雪,6.5,3.1,9.8,1.4
2019/1/28,1,0,-0.6,-6.3,2.1,1.5,0,1.7,0,1002.8,晴時々曇後雪,曇後雪,7.8,4.4,6.6,4.9
2019/1/29,2,0,-1.5,-4.3,0,2,0,0.8,0,1012.1,曇一時雪,雪後曇一時晴,10,4.1,5.29,4.7
2019/1/30,0,1,-2.1,-7,1.6,0.5,0,5.5,0,1015.6,雪一時晴,晴,6.3,3.7,9.42,2.9
2019/1/31,10,0,-4.4,-7.2,0.8,4.5,0,6.4,0,1002.5,晴後時々雪,晴時々雪一時曇,7.3,3,10.93,5.6
2019/2/1,1,0,-7,-8.4,-5,0.5,0,5.9,0,1000.7,雪一時曇,雪時々曇一時晴,9.3,2.1,9.28,6.5
2019/2/2,1,0,-5,-6.9,-1.5,1.5,0,5.8,0,1007.9,晴一時曇,曇時々雪一時晴,8.5,2.4,9.85,5.5
2019/2/3,0,1,0.1,-4.1,3.3,0,0,6.3,0,1011.5,曇後みぞれ,晴後曇,5,3.5,9.29,3.2
2019/2/4,2,0,-1.7,-6.9,2.4,2.5,0,0.7,0,999.8,晴時々雪,雪一時雨、みぞれを伴う,8.5,4.4,3.81,6.3
2019/2/5,3,0,-4.7,-7.5,-1.9,1,0,4.8,0,1015.2,曇一時雪,晴後雪時々曇,7,2.9,8.83,3.5
2019/2/6,14,0,-4.1,-5.3,-2.2,6,0,0,0,1014.5,雪後一時曇,雪,10,3.9,4.41,2.1
2019/2/7,11,0,-5.9,-10.3,-4.1,7,0,0,0,1006.9,雪一時曇,雪時々曇後一時晴,10,3.2,4.78,3.9
2019/2/8,0,1,-11.5,-12.5,-10.1,0,0,1.4,0,1010.5,雪後晴,雪後晴,9.3,1.4,7.2,5
2019/2/9,0,1,-8.8,-13.1,-5.5,0.5,0,2.3,0,1015.3,晴後雪時々曇,曇時々晴一時雪,5.5,1.9,7.3,2
2019/2/10,0,1,-6,-8.8,-2.8,0,0,5.6,0,1018.5,晴後曇一時雪,晴時々曇一時雪,8,2.3,11.14,3
2019/2/11,0,1,-5,-7.4,-2.5,0,0,7.1,0,1020.9,曇後時々雪,晴一時曇,7.3,2.3,12.75,2.6
2019/2/12,2,0,-6,-9,-3.7,1,0,5.2,0,1019,曇一時雪,晴時々雪,8.3,2.5,9.59,3.1
2019/2/13,2,0,-6.1,-7.9,-3.5,0.5,0,4.6,0,1018.2,雪時々曇,晴時々雪,8.5,2.4,10.15,3.4
2019/2/14,5,0,-5,-7.3,-1.8,4,0,3.4,0,1019,雪時々曇後晴,曇時々雪一時晴,10,2.8,10.11,4.4
2019/2/15,0,1,-2.1,-5.4,0.4,0,0,4.9,0,1015.5,曇一時雪,晴後曇一時雪,8.5,3,9.64,2.1
2019/2/16,0,1,-2,-4.7,0.7,0.5,0,1.9,0,1004.3,曇後一時雪,雪時々曇一時晴,10,3.6,7.7,2.5
2019/2/17,0,1,-1.3,-3.7,-0.2,0,0,0,0,1004.2,曇後時々雪,雪後時々曇,9.3,4,2.34,2.3
2019/2/18,1,0,0.2,-3.6,2.4,0.5,0,4.7,0,1014.9,晴後一時薄曇,晴一時雪,5,3.4,9.7,4.5
2019/2/19,0,1,0.8,-5.5,5.1,0,0,0.4,0,1016.5,曇後雪一時雨,曇,7.3,4.5,7.91,2
2019/2/20,1,0,1.6,0.5,3.1,1.5,0,0,0,1010.6,みぞれ時々曇一時晴,曇一時雪,10,6,4.81,1.8
2019/2/21,2,0,1.1,-2,3.4,1.5,0,7,0,1012.7,晴後一時曇,晴一時みぞれ,4.5,4.6,13.04,2.2
2019/2/22,0,1,1.8,-2.1,6.5,0,0,8.5,0,1011.5,晴一時雪,晴,2,3.9,12.83,2.3
2019/2/23,3,0,-0.8,-2.9,1.1,1.5,0,1.3,0,1012.8,曇時々雪一時晴,雪時々曇,7,4.1,7.17,2.7
2019/2/24,0,1,1.8,-5.7,8.1,0,1,8.8,0,1011.4,曇時々晴,薄曇,7.5,3.7,15.55,2.9
2019/2/25,3,0,2.1,-1.8,5.5,1.5,0,3.5,0,1009.1,雪時々晴一時曇,曇時々晴一時みぞれ,4.8,4.7,8.98,3.4
2019/2/26,1,0,-0.7,-2.5,2.6,1,0,3,0,1013.9,晴時々曇一時雪,曇時々晴一時雪,9.5,3.9,9.12,3.5
2019/2/27,0,1,1,-2.3,4.1,0,0,10,0,1017.7,晴後一時曇,晴一時曇,0.3,3.1,15.89,2.3
2019/2/28,0,1,1.3,-3.4,5.4,0,1,7,0,1014,晴後曇,薄曇後晴,6.8,4.1,12.7,1.7
2019/3/1,0,1,2.5,-2.1,6.4,0,0,7.5,0,1008.7,曇時々晴一時雪,晴後一時みぞれ,6.3,4.3,13.59,2.3
2019/3/2,1,0,0.9,-2.4,3.7,0,0,0.8,0,1011.3,晴一時曇,曇一時雪,8.3,3.7,6.03,3.9
2019/3/3,0,1,1.7,-4.1,7,0,0,10.1,0,1010.8,曇一時雪,晴,4.8,4.4,15.06,2.8
2019/3/4,0,1,2.2,0.2,5.2,0,0,5.8,0,1009.9,晴,曇後晴,6.3,5.5,12.38,3.8
2019/3/5,0,1,2,-0.1,4.4,0,1,9.1,0,1014.7,晴後曇,晴,2.5,4.7,16.13,3.6
2019/3/6,0,1,3.5,0,8.3,0,0,2.6,0,1010,曇一時雨後晴,曇一時雨,10,5.7,8.37,3
2019/3/7,0,1,0.1,-2.9,3.2,0,1,10.1,0,1008.3,晴時々曇一時雪,快晴,2.5,3.3,18.13,3.5
2019/3/8,1,0,0.3,-4,4.5,0,0,5.9,0,1012.3,快晴,曇時々晴,6.3,3.4,13.51,2.7
2019/3/9,0,1,5.8,-2.2,10.5,0.5,0,3.4,0,1009.9,曇後晴,晴後曇時々雨,6,5.2,10.85,4
2019/3/10,0,1,4.3,1.4,7.3,0,1,10.3,0,1013.7,薄曇一時晴,晴,4.8,5.1,17.26,3.6
2019/3/11,0,1,3.9,0.6,6.3,0,0,0,0,1002.5,雨一時曇、みぞれを伴う,曇一時雨,10,5,4.13,4.3
2019/3/12,0,1,3,0.9,5.6,3,0,1,0,998.1,みぞれ後時々曇,曇後一時みぞれ,10,6.2,8.42,5.3
2019/3/13,0,1,2,0.6,3.4,3,0,0.7,0,999,曇一時みぞれ後晴,曇後時々雪、みぞれを伴う,10,5.3,6.21,3.3
2019/3/14,3,0,0.8,-3,4.2,2.5,0,8.1,0,1005.8,雪時々曇、あられを伴う,晴時々曇後一時雪,7.8,4,16.21,3.5
2019/3/15,1,0,2,0,4.9,1,0,2.7,0,1014.5,曇後雪,曇時々雪一時みぞれ,10,5,10.06,2.7
2019/3/16,8,0,1.2,-0.5,3.3,6.5,0,0.6,0,1009.1,曇時々雪一時晴,雪時々みぞれ一時雨,10,5.8,6.38,3.3
2019/3/17,0,1,1.7,-1.1,4.4,0,0,3,0,1012.1,晴,晴時々雪一時曇,6,5,10.8,3.3
2019/3/18,0,1,5,-1.8,9.6,0,1,9.5,0,1012.7,晴,晴後一時曇,2,4.3,18.98,3.1
2019/3/19,0,1,8.4,4.7,13.7,0,0,5.9,0,1008.8,快晴,晴,5.3,7,13.18,2.9
2019/3/20,0,1,6.9,4.2,10.7,0,1,9,0,1009.2,薄曇,晴後薄曇,6.8,7.3,16.66,4.6
2019/3/21,0,1,7.4,4.7,13.2,1.5,0,0,0,997.9,雨,曇後一時雨,10,7.4,5.99,4.6
2019/3/22,0,1,0.7,-2.8,6.4,6,0,2,0,998.3,雪時々曇、あられを伴う,雪後時々曇,9.8,5.1,11.02,8.1
2019/3/23,8,0,-2.3,-4.6,0.6,4.5,0,3.2,0,1007.3,晴後曇一時雪,曇時々雪,7.8,3.6,12.98,3.6
2019/3/24,4,0,-1.9,-4.6,1.7,2.5,0,2.7,0,1005.7,晴時々曇一時雪,曇時々雪一時晴,9.5,3.4,11.72,3.5
2019/3/25,0,1,4.4,-1.7,10.5,0,0,8.4,0,1005.7,晴,晴時々曇一時雨,6.3,5.6,17.75,3.7
2019/3/26,0,1,4.2,0.6,8.4,1,0,5.5,0,1001.6,雪時々曇,雨時々晴一時曇,7.5,5.5,13.07,3.9
2019/3/27,6,0,1.4,-0.8,4.1,5.5,0,5,0,1002,晴時々曇一時雪,雪時々曇一時晴、あられを伴う,8.3,4.1,13.5,4.7
2019/3/28,1,0,0,-2.3,2.2,1,0,4.8,0,1003.6,晴時々雪,晴時々曇一時雪,7.3,3.2,13.13,4.8
2019/3/29,0,1,0.1,-2.4,2.8,0.5,0,5.4,0,1012.4,晴時々曇,曇時々雪一時晴,8.5,3.5,14.42,4.5
2019/3/30,0,1,1.8,-2.8,5.9,0,1,9.8,0,1013.9,曇,晴後薄曇,7.8,3,20.73,2.5
2019/3/31,0,1,2.4,0.1,5.4,0,1,4.4,0,1007.9,薄曇,薄曇,10,3.9,13.77,3.2
2019/4/1,0,1,2.5,0.4,5.4,0,0,5.3,0,1009.1,曇後一時雪,晴後曇一時みぞれ,9.3,4.6,14.31,2.4
2019/4/2,0,1,1.5,-0.7,4.5,1,0,1.4,0,1006.4,雪時々曇,曇時々雪,9.8,5.1,7.88,3.4
2019/4/3,1,0,1.8,-1.4,6.1,1.5,0,7.3,0,1008.8,晴,晴一時雪,7,4.3,20.15,3.8
2019/4/4,0,1,4.7,-1.4,11,0,1,8.5,0,1003.8,晴時々曇,晴一時曇,6.5,4.7,19.06,2.1
2019/4/5,0,1,4.5,1.2,11.4,1,0,2.3,0,993.1,雨一時曇後雪,雨時々曇,9,6.3,11.41,3.9
2019/4/6,0,1,4.8,0.8,9.2,3,0,3.8,0,996.9,晴時々曇一時雨,曇一時雨後晴,9,5.5,11.68,5.2
2019/4/7,0,1,5.4,2.4,10.6,0.5,0,6.4,0,1001.3,晴後みぞれ時々曇、あられを伴う,晴時々曇一時雨,6.5,5.9,12.84,4.1
2019/4/8,0,1,4.7,2.1,9,0,0,8.2,0,1005.9,晴後曇,曇一時みぞれ後晴,7,5.7,20.71,4.5
2019/4/9,0,1,5.4,3.2,9.3,0,0,6.8,0,1009.8,晴,曇時々晴一時雨,5.8,5.8,18.14,5.5
2019/4/10,0,1,6.6,1.4,12.8,0,1,10.5,0,1008.9,曇,晴,3.5,5.6,20.98,2.6
2019/4/11,0,1,6.4,2.9,11.7,0,0,8.1,0,1006.3,快晴,晴一時曇,4.3,5.6,18.77,2.1
2019/4/12,0,1,6.9,1.3,12.9,0,1,8.7,0,1010.1,快晴,晴,2,5.8,18.2,2
2019/4/13,0,1,10.3,2.3,17.7,0,1,12.5,0,1014.8,晴後薄曇,快晴,0,4.5,25.28,2.2
2019/4/14,0,1,12,7.6,17.5,0,1,8,0,1012.1,曇後時々雨,晴後薄曇,7.8,5.5,21.42,4.2
2019/4/15,0,1,7.6,4.2,11.4,17.5,0,0.5,0,1000.2,雨後晴,雨一時曇、雷を伴う,10,8.4,6.44,4.5
2019/4/16,0,1,10.6,6.3,14.9,0,1,12.5,0,1007.9,快晴,快晴,0.3,7.4,24.97,4.2
2019/4/17,0,1,15,7.6,22.3,0,1,12.2,0,1008.1,晴後薄曇,快晴,0.3,7,24.34,3
2019/4/18,0,1,15.6,10.7,22.9,0,0,9.1,0,1005.6,曇後雨,晴後曇,9.3,6.3,22.34,4.1
2019/4/19,0,1,8.5,3.7,14.9,1.5,0,7.2,0,1006.1,晴,曇一時雨後晴,7.3,5.6,19.37,4.7
2019/4/20,0,1,6.6,2.6,12.2,0,1,11.4,0,1009.1,晴,晴一時曇,2.8,4.7,24.43,3.3
2019/4/21,0,1,9.4,1.9,15.7,0,1,11.2,0,1009.6,曇後晴,晴後一時曇,3.3,5.8,25.25,2.1
2019/4/22,0,1,10.1,6.6,13.3,0,0,12.4,0,1012.5,快晴,快晴,2,6,25.9,2.8
2019/4/23,0,1,9.5,4.3,14.4,0,0,2.4,0,1015.3,曇時々晴,曇後時々雨,7.5,4.9,9.19,4.5
2019/4/24,0,1,15.2,8.1,23.2,0,0,6.2,0,1006.7,雨一時曇,薄曇,9.3,10.4,17.63,4.1
2019/4/25,0,1,8.2,6,11.9,0.5,0,6.3,0,1005.3,晴後曇,曇時々雨後晴,7.5,7.9,17.95,7.1
2019/4/26,0,1,5.6,3.2,7.2,2.5,0,0,0,1008.5,雨,曇時々雨,10,6.9,6.74,2.7
2019/4/27,0,1,4.8,2.5,7.1,1,0,0.1,0,1008.9,曇後晴,雨後一時曇,9.8,6.6,7.94,2.3
2019/4/28,0,1,9.4,2.4,16.4,0,1,11.9,0,1014.4,晴,晴,1.8,5.9,27.34,1.8
2019/4/29,0,1,13,6.1,20.8,0,1,13.2,0,1015.7,晴後一時薄曇,晴,1,7,26.45,1.9
2019/4/30,0,1,12.8,7.4,20.3,0.5,0,9,0,1011.4,雨後曇一時晴,曇後一時雨,9.5,8.1,21.11,4.9
2019/5/1,0,1,12.1,9.1,16.6,0.5,0,1.8,0,998.9,曇一時雨,曇後時々雨,8.8,11.4,13.74,2.7
2019/5/2,0,1,10.4,8.3,13.2,2.5,0,1.5,0,993.6,曇時々雨一時晴,雨時々曇,8.5,10,10.78,2.5
2019/5/3,0,1,14,9.2,19.8,0.5,0,6.5,0,1006,快晴,晴一時曇,3.8,8.1,16.81,3.3
2019/5/4,0,1,15.4,7.9,23.5,0,1,13.4,0,1012.1,晴,晴,1.5,8.3,27.05,1.5
2019/5/5,0,1,16.8,10.2,24.4,0,1,13.4,0,1013.4,晴一時薄曇,快晴,1.8,6.8,28.16,2.1
2019/5/6,0,1,16.5,11.1,23.6,8,0,4.7,0,1005.9,雨一時曇,曇後一時雨,9.3,9.4,18.8,4.9
2019/5/7,0,1,10.8,7.2,14.9,12.5,0,6.5,0,1002.6,晴後一時雨,曇一時雨後晴,6,7.5,18.38,3.4
2019/5/8,0,1,9.4,6.9,12.6,3,0,4,0,999.5,晴一時曇,曇時々雨一時晴,5,8.2,13.32,2.7
2019/5/9,0,1,13.7,8.3,21.8,0,1,12.5,0,997.8,晴後時々曇,晴一時薄曇,4.3,9.5,25.54,3.9
2019/5/10,0,1,8.9,7.5,12.3,0,0,1.2,0,1007.1,雨後曇,曇時々雨,10,9.3,7.72,4.3
2019/5/11,0,1,9.1,7.2,13.4,0,0,10.4,0,1013.6,晴一時曇,晴,3.5,7.2,27.92,5.4
2019/5/12,0,1,9.7,5.9,13.7,0,1,11.9,0,1017,快晴,晴,1.8,7.3,27.58,4
2019/5/13,0,1,12.6,6.1,20.5,0,1,13.5,0,1016.4,快晴,快晴,0,8.4,29.24,2
2019/5/14,0,1,15.8,8.2,24.3,0,1,13.4,0,1014,曇一時晴,薄曇一時晴,6.5,8.1,27.53,3.7
2019/5/15,0,1,14.9,11.3,19.4,0,0,0.6,0,1013.5,晴,曇,7.8,12.1,10.42,2.6
2019/5/16,0,1,16.3,10.6,24.8,0,1,12.7,0,1013.8,薄曇後晴,晴後一時薄曇,3,12.6,27.64,3
2019/5/17,0,1,16.8,11.9,21.5,0,1,13.2,0,1016.2,晴後一時薄曇,晴一時薄曇,1.5,13.6,27.79,6.6
2019/5/18,0,1,19,14.8,26,0,1,12.6,0,1017.1,薄曇後一時晴,晴時々薄曇,6.8,13.6,27.2,5.9
2019/5/19,0,1,18.8,14.1,26.4,0,1,13.4,0,1015.9,晴後曇,晴時々薄曇,8.5,13,27.8,6
2019/5/20,0,1,15.5,13.1,20.3,0,0,11,0,1009.1,曇一時雨,曇一時晴,9.8,13.1,25.26,8.3
2019/5/21,0,1,14.1,11.5,17.1,1.5,0,0,0,998.9,晴一時曇,雨一時曇,9,13.9,8.41,5.8
2019/5/22,0,1,17.7,10.2,25,0,1,11.3,0,1000.3,晴,晴,2.3,10.5,28.04,4.5
2019/5/23,0,1,18.1,12,24.5,0,1,9.6,0,1003.2,晴一時曇,晴一時曇,3,11.6,21.62,3.9
2019/5/24,0,1,16.2,13,22.2,0,0,12,0,1005.9,晴一時曇,晴,3.3,12,27.79,2.5
2019/5/25,0,1,20.6,11.9,31.1,0,1,13.4,0,1007,晴,快晴,2.3,11.1,28.77,4.2
2019/5/26,0,1,23.8,15.6,32,0,1,12.7,0,1009,晴,晴,7,15.1,27.38,2.5
2019/5/27,0,1,24.8,17.8,34.2,0,1,13.3,0,1007.8,晴後曇,晴,2.8,11.7,29,2.4
2019/5/28,0,1,20.7,14.7,24.6,0,0,2.9,0,1000.1,薄曇後一時晴,曇時々雨,10,13.1,14.86,5.2
2019/5/29,0,1,16.5,13.3,21.6,1,0,4.6,0,999.8,晴一時雨,曇時々晴後一時雨,7,10,16.85,2.2
2019/5/30,0,1,18.6,12.5,25.9,0,1,10,0,1002.3,晴後曇,晴一時曇,2.8,9.5,23.53,2.6
2019/5/31,0,1,17.7,14.3,23.7,0,0,2.8,0,1002.5,雨後晴,曇後時々雨,10,11.5,14.75,5.6
2019/6/1,0,1,18.4,13.4,24.4,2.5,0,10.9,0,1002.2,曇時々雨後一時晴,晴,6.5,10.9,26.98,4.5
2019/6/2,0,1,18.9,14.3,23.9,0,0,9.9,0,1005.8,晴,晴後一時曇,4.8,12.6,24.47,2.2
2019/6/3,0,1,21,13.7,29.4,0,1,13.7,0,1005,晴後一時曇,晴,0.5,11.8,29.94,3.8
2019/6/4,0,1,16.7,13.9,21.9,1,0,0.7,0,1005.4,曇時々雨,雨時々曇,7.5,15.3,8.24,2
2019/6/5,0,1,15.4,13.9,16.8,6.5,0,0.5,0,1006.7,曇,曇時々雨,10,16,4.76,2.3
2019/6/6,0,1,17,12.4,23.4,0,1,8.5,0,1009.1,曇一時晴,晴一時曇,6.8,13.3,26.18,2.1
2019/6/7,0,1,15.8,13.5,18.2,0,0,1.8,0,1007.2,曇後晴,曇一時雨,10,14.5,10.06,2.6
2019/6/8,0,1,16.9,12,22,0,1,13,0,1003.8,曇一時晴,晴,5.3,14.2,29.52,3.1
2019/6/9,0,1,16.5,14.2,21.9,0,1,9.4,0,1007.5,晴一時曇,曇後晴,7.8,14.3,26.98,2.6
2019/6/10,0,1,17.2,13,22.4,0,1,13.7,0,1007.7,晴,晴,2.8,12.2,29.91,3.5
2019/6/11,0,1,16.8,12,22.4,0,1,11.7,0,1008.5,曇,薄曇,8.3,11.7,26.13,3.8
2019/6/12,0,1,16.3,13.8,19.8,0,0,5.6,0,1007.4,曇時々雨,曇一時晴,10,13.3,19.48,3.4
2019/6/13,0,1,15.2,13.1,17.8,0,0,0.3,0,1008.2,曇後晴,曇一時雨,10,14.2,7.68,2.4
2019/6/14,0,1,18.3,13.7,24.6,0,1,11.2,0,1007.4,薄曇,晴時々薄曇,4.5,14,29.2,6.1
2019/6/15,0,1,17.3,15.3,20.5,2.5,0,2.8,0,1005.4,雨一時曇,雨時々曇,10,16.2,13.38,6.8
2019/6/16,0,1,16.3,13.4,20,12.5,0,0,0,990.9,雨時々曇,雨時々曇,10,14.7,9.22,4.2
2019/6/17,0,1,12.2,10.8,14.9,1,0,2.1,0,1001.2,晴時々曇,雨後薄曇,9,10.9,10.86,7.7
2019/6/18,0,1,15.9,9.7,21.8,0.5,0,3.4,0,1007,曇時々雨後一時晴,曇時々晴後一時雨,10,11.4,15.47,2.4
2019/6/19,0,1,18.5,13.1,25.5,2,0,8.7,0,1004.5,晴一時曇,晴後一時雨,7.8,13.2,20.87,2.4
2019/6/20,0,1,19.1,14.2,26.5,10.5,0,8,0,1004.6,曇,晴後曇時々雨、雷を伴う,7.3,15.5,20.63,2.1
2019/6/21,0,1,17.8,15.9,20.1,0.5,0,0,0,1006.7,雨時々曇,曇一時雨,10,16.1,8.39,4.9
2019/6/22,0,1,18,16.8,20.3,30,0,0,0,1006.1,雨一時曇,雨一時曇、雷を伴う,10,18.2,5,5.5
2019/6/23,0,1,18.2,15.3,24.6,1.5,0,5.4,0,1005.7,晴,雨時々曇後晴,7.5,14.7,15.73,3.5
2019/6/24,0,1,18.7,13.5,26.1,0,1,13.2,0,1008.8,晴,晴,2,15.2,29.73,2
2019/6/25,0,1,19.2,14,26.1,0,1,11.3,0,1012.1,晴,晴,1.3,16,29.2,2
2019/6/26,0,1,20,14.3,27.2,0,1,10.9,0,1008.1,晴後薄曇,晴,2.8,17.1,27.34,2.2
2019/6/27,0,1,18.7,15.8,26.7,0,1,7.9,0,1002.3,曇,曇,10,16.9,20.68,2.7
2019/6/28,0,1,17.8,15.7,21.5,0,0,0.1,0,1000.2,曇一時霧雨,曇一時霧雨,10,17.1,8.22,1.9
2019/6/29,0,1,16.7,15,19.1,0,0,0,0,1001.6,雨後晴,曇一時雨,10,13.2,10.88,5.2
2019/6/30,0,1,18.3,15.7,22.3,0,0,8.4,0,999.5,曇,晴後曇,7.8,15.6,25.84,6.1
2019/7/1,0,1,17.8,16.2,22,0,0,3.1,0,1000.1,曇後晴,曇後一時雨,9.5,15.2,15.37,6.9
2019/7/2,0,1,18.3,15.7,23.1,4.5,0,4.1,0,1002.8,霧雨一時曇,曇時々雨,9,17.5,14.09,3.2
2019/7/3,0,1,16.4,14.8,18.9,0.5,0,0,0,1008.8,曇一時晴,曇一時霧雨,9.5,16.6,7.41,1.9
2019/7/4,0,1,19,15.4,24.2,0,0,2.1,0,1004.9,曇一時晴,曇一時雨,9.8,17.3,13.54,3.7
2019/7/5,0,1,19.3,16.9,23.4,0,0,1.6,0,1004.3,曇後一時晴,曇一時雨,9.8,18.2,12.26,2
2019/7/6,0,1,21,16.3,26.4,0,1,12.8,0,1008,晴時々曇,晴,5.8,17.1,28.89,3.5
2019/7/7,0,1,20.2,15.4,24.8,0,1,14.1,0,1010.8,晴一時曇,快晴,5,16,30.45,4
2019/7/8,0,1,19.8,16.2,24.7,0,1,14,0,1008.9,晴後一時曇,快晴,0.8,16,29.73,3.3
2019/7/9,0,1,20.5,15,27,0,1,14,0,1008.3,快晴,快晴,3.3,16.3,29.67,2.7
2019/7/10,0,1,20.5,16.1,27.9,0,1,12.7,0,1011.1,晴,快晴,0.8,16.8,26.62,2.1
2019/7/11,0,1,19.9,16.2,24.5,0,1,10.8,0,1010,曇,晴後薄曇,6,15.6,25.02,4.7
2019/7/12,0,1,17.7,17,18.8,9,0,0,0,1003.9,雨一時曇、雷を伴う,雨時々曇、雷を伴う,10,16.7,5.66,6.6
2019/7/13,0,1,19.5,17.5,22.9,7,0,2.2,0,1000.7,雨一時曇,曇一時雨,10,19.2,15.36,4.9
2019/7/14,0,1,20.7,18,24.8,3.5,0,2.6,0,1003.3,曇一時雨,曇後一時雨,10,19.4,20.43,4.7
2019/7/15,0,1,21.3,19,25.4,0,0,2,0,1008.3,曇,曇,10,18.6,13.61,2.2
2019/7/16,0,1,21.2,18.5,24.9,0,1,2.7,0,1011.7,晴一時曇,曇,8,18.2,19.27,4
2019/7/17,0,1,22.3,18.5,27.2,0,1,9.5,0,1010.6,晴後曇,晴後曇,5.3,20.1,23.76,5.5
2019/7/18,0,1,22.3,20,26.5,0,1,6.7,0,1009.2,晴,曇,8.3,20.5,20.94,5.1
2019/7/19,0,1,21.7,20.2,26.2,1.5,0,4.1,0,1009,曇一時雨,晴後雨時々曇,6,21.2,15.31,4.9
2019/7/20,0,1,23.3,19.7,27.9,1,0,4.8,0,1011.9,晴一時曇,晴後曇時々雨,9,21.5,17.25,3
2019/7/21,0,1,22.8,18.8,27.4,0,1,13.6,0,1012.7,晴,晴後一時薄曇,2.8,18.9,28.27,4.5
2019/7/22,0,1,20.5,18.1,24.7,0,0,10.3,0,1008.3,雨時々曇,晴後一時曇,6.3,17.9,25.61,7.4
2019/7/23,0,1,20.2,18.1,23.3,0.5,0,2.1,0,1004.7,曇一時雨,曇時々雨一時晴,9.5,17.8,13.63,5.7
2019/7/24,0,1,22.2,19.8,25.4,0,0,1.3,0,1003.8,曇後雨,曇一時雨,10,21.1,12.55,4.8
2019/7/25,0,1,24.3,20.4,30,0.5,0,1.6,0,1006,曇一時晴,曇一時雨,10,24.6,14.29,1.9
2019/7/26,0,1,24.3,22.6,27.1,3,0,0.1,0,1004.5,雨一時曇,雨時々曇,10,24.9,6.34,4.9
2019/7/27,0,1,25.2,21.2,30.8,0.5,0,4.4,0,1001.7,晴,曇時々雨後晴,7.8,26.3,14.19,2.7
2019/7/28,0,1,24.6,21.5,29.9,0,1,12.4,0,1005.2,薄曇後晴,晴一時薄曇,5.5,25,25.68,2.4
2019/7/29,0,1,27.7,22,32.9,0,0,7.4,0,1003.8,曇,晴一時曇,5.8,26.2,18,3.2
2019/7/30,0,1,29.8,27.4,33.5,0,0,5.4,0,1001.6,曇時々晴,曇,8.5,27.4,18.37,3.1
2019/7/31,0,1,28.9,26,32.4,0,1,2.6,0,1002.5,曇一時晴,曇一時晴,9.8,27.4,14.37,3.2
2019/8/1,0,1,28.7,25.3,33,0,1,6.1,0,1004.2,晴,晴時々曇,6.3,27.1,15.85,2.2
2019/8/2,0,1,27.5,23,34.2,0,1,10.4,0,1004.8,晴,晴,4,26.5,21.89,2.4
2019/8/3,0,1,25.8,22.5,30.2,0,1,12.3,0,1008.2,晴後曇,晴,4.8,25,25.02,2.9
2019/8/4,0,1,26,21.9,32.6,0,1,10.6,0,1009.7,晴時々薄曇,晴,4.8,22.1,25.68,2.3
2019/8/5,0,1,25.5,21.7,32,0,1,10.8,0,1008.4,曇一時晴,晴時々薄曇,6.3,23.4,23.82,3
2019/8/6,0,1,25.9,22.8,32.4,0,1,10.2,0,1008.7,曇,薄曇,10,24.9,23.74,2.7
2019/8/7,0,1,25.3,23.4,30.4,0,1,2.6,0,1007.7,曇一時晴,曇一時晴,8.3,24.9,15.3,2.5
2019/8/8,0,1,23.6,21.5,25,26,0,0,0,1005.5,雨,雨一時曇,10,26.1,3.9,2.6
2019/8/9,0,1,22,19.5,25,19,0,1,0,1001.2,雨時々曇,雨後曇,10,22,9.31,4.4
2019/8/10,0,1,19.9,17.7,22.4,7.5,0,0.6,0,1007,曇一時雨,曇一時雨,10,18,11.4,4.1
2019/8/11,0,1,21.3,18.7,26.6,0,0,3.9,0,1008.7,薄曇,曇一時晴,10,19.1,17.59,3
2019/8/12,0,1,21.6,19.3,25,0.5,0,0.3,0,1005.4,雨後曇一時晴,曇後時々雨,10,20.7,9.99,3.1
2019/8/13,0,1,22.1,19.8,25.1,0,0,6.6,0,1006.1,曇,曇一時雨後晴,6.8,21.5,18.36,3.5
2019/8/14,0,1,21.6,19.7,24.7,0,1,11.3,0,1007,晴,晴一時曇,5.8,18.1,24.43,6.3
2019/8/15,0,1,23.9,19.8,27.1,0,0,6.8,0,1002.4,曇時々霧雨後一時雨,晴後曇一時霧雨,7.5,22.5,19.01,6.7
2019/8/16,0,1,25.2,23.4,26.9,16.5,0,0,0,992,雨一時曇後晴,雨,10,28.7,2.82,7.5
2019/8/17,0,1,26.1,21,31.8,2,0,6.6,0,991.7,晴後曇,曇一時雨後晴,5.8,24.3,17.49,3.7
2019/8/18,0,1,21.8,19.8,25.2,0,0,6.9,0,1005.5,晴,曇後晴,6.5,20.8,19.64,3.4
2019/8/19,0,1,22.9,19.1,27.3,0,1,10.8,0,1009.9,曇後一時雨,晴時々曇,7.5,20.8,24.01,4.9
2019/8/20,0,1,20.1,18.5,22.1,18.5,0,0.4,0,1009.6,曇,曇後雨,9.8,19.9,5.61,5.1
2019/8/21,0,1,21.2,18.3,25,0,1,6.8,0,1009.1,曇後一時雨,曇,10,19.6,18.23,3.7
2019/8/22,0,1,19.7,18.4,21.2,0,0,1.3,0,1008.9,曇後雨,曇一時雨,10,17.6,9.99,6
2019/8/23,0,1,18.3,17.5,20.1,25,0,0,0,1001.9,曇,雨後一時曇,9.5,19.3,3.2,3.4
2019/8/24,0,1,19.3,16.9,22.6,0.5,0,2.2,0,1001.6,雨時々曇,曇時々雨,9.3,19.3,12.38,4
2019/8/25,0,1,18.3,16.4,22.1,2.5,0,5.2,0,1006.6,晴時々雨,晴時々雨,9,17,18.71,4.5
2019/8/26,0,1,18.3,15.7,22.4,0,0,3.4,0,1011.1,晴一時曇,曇時々雨一時晴,6,16.4,15.97,2.3
2019/8/27,0,1,21,16.2,25.7,0,0,9.7,0,1012.5,晴後曇,晴一時雨,3.8,17.7,19.41,2.4
2019/8/28,0,1,19.2,17.2,23.9,25,0,0.9,0,1007.1,雨,曇後雨,10,19.3,7.14,3.9
2019/8/29,0,1,20.4,17.2,24.4,1.5,0,3.4,0,1002.2,曇,曇一時雨,10,20.4,15.22,2.8
2019/8/30,0,1,21.9,18.3,26.5,0,0,6.8,0,1004.6,晴一時雨,晴一時曇,7.8,19.9,18.93,4
2019/8/31,0,1,23.3,20.3,27.3,0,0,6.7,0,1005.4,晴,晴時々曇一時雨,6.3,20.9,14.79,3.4
2019/9/1,0,1,22.7,18.5,27.8,0,0,10.8,0,1010.3,晴,晴一時雨,1.5,16,21.06,2.4
2019/9/2,0,1,22.8,16.8,29.2,3.5,0,10.7,0,1011.5,晴一時雨,晴,6,16.3,22.65,2.8
2019/9/3,0,1,20.8,17.1,24.8,0,1,11.2,0,1013,晴,晴,1.3,16.4,23.04,3.4
2019/9/4,0,1,20.2,14.6,27,0,1,11.1,0,1016.5,晴,晴,0.5,14.8,22.37,1.8
2019/9/5,0,1,21.3,15.8,26.5,0,1,8.4,0,1014.7,曇,薄曇一時晴,8.3,16.5,18.41,3.5
2019/9/6,0,1,22.6,19.1,28.5,3.5,0,3.2,0,1012.4,雨時々曇,曇後時々雨,10,20.3,11.65,1.9
2019/9/7,0,1,24,21.8,27.4,0,0,1.9,0,1011.5,曇,曇一時雨,10,26,12.88,2.1
2019/9/8,0,1,25.5,22.1,31.3,0,1,9,0,1006.5,晴後薄曇,薄曇後晴,6,25.9,20.09,4.4
2019/9/9,0,1,26.6,23.2,32.6,0,1,7.2,0,1004.5,曇後晴,薄曇後晴,9,25.4,18.38,2.5
2019/9/10,0,1,23.7,19.5,27.9,0,1,11.2,0,1008.7,晴後曇,晴一時曇,6.8,19,20.75,3.5
2019/9/11,0,1,17.9,15.9,20.2,13.5,0,0,0,1010.7,曇時々雨一時晴,曇後雨,9.5,16.8,3.42,1.3
2019/9/12,0,1,18.1,14.7,22.2,9.5,0,6.1,0,1011.1,晴,晴時々曇一時雨,7.5,14.8,15.85,4.2
2019/9/13,0,1,17.8,13.1,22.7,0,1,10.6,0,1015.4,晴時々薄曇,晴,3.5,13.4,20.41,1.8
2019/9/14,0,1,20.3,15.5,24.9,0,0,3,0,1010,曇時々雨,曇,9.5,16.4,12.46,4.5
2019/9/15,0,1,20.3,18.3,23.8,3,0,2.6,0,1008.7,晴後曇,曇時々雨,7.8,19.8,10.56,2
2019/9/16,0,1,20.9,18.8,23.8,4,0,0.1,0,1004.4,雨後晴,曇一時雨,10,21.2,5.26,3
2019/9/17,0,1,19.5,15.4,23.1,0,0,9.5,0,1008.2,薄曇,晴,6.3,14.9,18.94,5
2019/9/18,0,1,17.5,13.6,22.9,1,0,2.9,0,1006.9,晴一時雨,曇後一時晴,8.5,13.2,9.44,3.6
2019/9/19,0,1,12.9,10.4,15.3,5.5,0,6.5,0,1005.9,晴時々雨一時曇,雨時々晴,6.8,9.7,13.57,3
2019/9/20,0,1,15.6,12.3,19.5,0,0,7.4,0,1011.9,晴後一時雨,晴一時曇,4,10.2,16.81,4.4
2019/9/21,0,1,16,10.7,21.1,0,0,10.8,0,1019.2,曇,晴,6.5,11.4,19.49,2.7
2019/9/22,0,1,16.2,13.6,20,0,1,3.6,0,1017.8,薄曇,薄曇,10,13.6,11.27,2.8
2019/9/23,0,1,13.9,13.3,14.9,64,0,0,0,1007.5,雨後時々曇,大雨,10,14.5,1.52,2.2
2019/9/24,0,1,18.3,14.8,24.1,0.5,0,7.3,0,1004.7,晴,晴後一時雨,5.3,13.2,16.99,5.1
2019/9/25,0,1,15,10.2,18.7,0,1,9.1,0,1014.5,晴後一時曇,晴,2.8,8,17,4.4
2019/9/26,0,1,17,9.8,23.9,0,1,10.9,0,1019.8,晴一時曇,晴,5.5,11.5,18.78,1.6
2019/9/27,0,1,17.3,13,23.3,0,1,9.9,0,1021,快晴,晴一時曇,1.8,13.8,16.86,2.3
2019/9/28,0,1,17.7,10.5,24.7,0,1,10.9,0,1017.4,晴後曇,快晴,1,13.4,17.94,1.6
2019/9/29,0,1,18.4,15.2,24.5,0.5,0,4.7,0,1009.7,快晴,曇一時雨後晴,6.3,15.2,11.78,2.5
2019/9/30,0,1,18.7,13.8,24.5,0,1,7.9,0,1012.3,晴,晴一時曇,2,16.3,15.28,1.5
2019/10/1,0,1,17.8,11.5,24.6,0,1,10.8,0,1016.5,快晴,快晴,0,12.8,16.7,1.4
2019/10/2,0,1,19.2,13.6,25.7,0,1,9.9,0,1015.9,薄曇,快晴,2.5,16.2,15.62,1.7
2019/10/3,0,1,20.2,16.4,24,0.5,0,4.3,0,1011.4,曇後雨,薄曇,10,17.5,11.77,4.4
2019/10/4,0,1,16.6,15.8,19.4,37,0,0,0,1003.4,雨時々曇,雨,10,18,1.45,2.1
2019/10/5,0,1,14.5,10.4,16.8,3,0,0.1,0,1006.6,雨時々曇後晴,雨時々曇,10,13.9,4.08,4.5
2019/10/6,0,1,11.6,8.4,16.2,0.5,0,8.5,0,1020.5,晴後一時曇,晴一時曇,3.5,9.1,15.73,1.9
2019/10/7,0,1,12.6,7.5,16.6,2,0,3.5,0,1019.9,雨一時曇,曇時々雨,7.5,12.2,10,3.5
2019/10/8,0,1,15.5,12.4,18.7,23.5,0,0,0,1002.2,雨時々曇一時晴,雨時々曇,10,15.5,4.96,3.1
2019/10/9,0,1,12.7,8.9,17.8,4,0,3,0,1003.5,快晴,雨後晴,6.8,9.7,8.49,4
2019/10/10,0,1,14.5,7.8,20.4,0,1,10.5,0,1015.1,曇,晴,2.5,11.6,16.2,2.6
2019/10/11,0,1,17.7,14.7,22.2,0,1,2.9,0,1013.6,曇,曇一時晴,9.8,15.1,10.08,3.2
2019/10/12,0,1,15.2,11.8,17.2,0,1,0.2,0,1015.7,曇,曇,10,11.4,5.57,4.5
2019/10/13,0,1,11.3,9.3,13.9,0,1,2.1,0,1012.9,晴,曇後晴,8.3,7.8,8.17,5
2019/10/14,0,1,10.4,5.4,16.4,3,0,6.2,0,1018.3,雨時々曇,曇時々晴,6.3,8.4,12.47,2.5
2019/10/15,0,1,9.2,5,12.1,0.5,0,6.3,0,1020.1,晴後一時曇,曇後晴,4.8,6.7,11.64,4.1
2019/10/16,0,1,10.1,4.2,16.3,0.5,0,4.1,0,1018.2,晴時々曇一時雨,曇時々晴一時雨,8,8.1,10.86,3.2
2019/10/17,0,1,10,7.5,13.3,1.5,0,3.4,0,1021.6,晴一時曇,曇時々雨一時晴,6,7.2,9.57,3.7
2019/10/18,0,1,9.7,4,15.3,0,1,9.8,0,1026.7,薄曇,晴後一時曇,3.8,7.2,15.1,1.8
2019/10/19,0,1,9.9,7.8,11.2,18.5,0,0,0,1016.5,雨時々曇,雨一時曇,10,10.8,1.21,1.8
2019/10/20,0,1,13.9,9,18.1,0,0,9.7,0,1012.9,快晴,晴,3,11,14.02,4.2
2019/10/21,0,1,13,7,19.8,0,1,9.5,0,1017.4,晴後薄曇,晴,2,10.6,13.61,1.5
2019/10/22,0,1,13.7,8.6,18.9,0,1,6.3,0,1017.6,晴,薄曇,7.5,11.7,10.15,2.8
2019/10/23,0,1,13.3,8.4,18.7,0,1,9.8,0,1016.3,晴,快晴,0.8,11.8,13.42,2.9
2019/10/24,0,1,12.1,7.2,16.9,0,1,7.9,0,1024.7,晴一時薄曇,薄曇,6.3,8.6,10.06,2
2019/10/25,0,1,13.3,11.9,14.7,0,0,0,0,1022.3,曇時々雨,曇,8,10,4.07,5.6
2019/10/26,0,1,14.5,11.2,16.7,0,0,0,0,1008.2,曇時々晴一時雨,曇一時雨,8.5,11.5,3.97,4.4
2019/10/27,0,1,11.3,6.2,14.4,0,0,4.5,0,1006.8,快晴,晴一時曇,4.8,8.2,7.61,2.5
2019/10/28,0,1,9.7,3.8,15.7,0,1,9.5,0,1013.6,晴,快晴,0,7.3,13.19,2.3
2019/10/29,0,1,12.8,6.3,18.1,2,0,6.3,0,1009.3,晴時々曇一時雨,晴後曇,6.8,10.4,10.7,4.9
2019/10/30,0,1,11.3,7.5,14.4,0.5,0,4.8,0,1008.9,晴,晴時々雨,6,8.3,9.79,3
2019/10/31,0,1,13.2,6.3,18.6,0,0,4.7,0,1008.1,晴後一時雨,晴時々曇一時雨,6.3,10,9.34,3.8
2019/11/1,0,1,11.1,9.3,15.9,1,0,6.7,0,1006.5,曇時々晴一時雨,晴一時雨,5.5,7.3,11.12,4.2
2019/11/2,0,1,10.8,8.5,14.4,0.5,0,5.6,0,1011.3,晴時々雨,晴一時曇,6.8,7,9.98,3
2019/11/3,0,1,7.9,4.3,10.8,0,0,7.7,0,1012.6,晴一時曇,晴,3.5,5.7,11.84,3.7
2019/11/4,0,1,7.2,4,10,0.5,0,3.1,0,1012,晴後曇一時雨,晴時々雨,5.8,6.1,6.96,3.4
2019/11/5,0,1,8.3,5,11.2,0,0,4.7,0,1007.4,曇時々雨一時晴,曇後晴,8.5,6.3,9.2,2.5
2019/11/6,0,1,5.7,2.8,8.7,0,0,2.5,0,1007,晴後時々曇,曇時々晴一時雨,7.5,4.9,6.1,4
2019/11/7,0,1,3.6,1.4,7.5,11.5,0,0,0,1006.5,曇時々雪,雨時々曇一時みぞれ,9,5.8,2.04,3.7
2019/11/8,0,1,2.3,0.8,3.9,1.5,0,0.2,0,1010.9,曇一時みぞれ,雪時々曇,10,4.8,3.04,2.6
2019/11/9,0,1,3.5,2.2,5.9,0,0,4,0,1011.6,曇,曇時々雪一時晴,7.8,4.4,7.48,2.8
2019/11/10,0,1,4.7,1.8,8.1,0,1,8.5,0,1010.6,晴時々曇,晴,5.3,4.8,10.77,2.4
2019/11/11,0,1,8.4,4.1,11.5,2,0,6.1,0,1006,雨、雷を伴う,曇後一時雨,10,8.5,9.72,3.5
2019/11/12,0,1,8.7,5.8,11.1,2.5,0,2.6,0,1008.1,晴時々薄曇,曇一時雨,7.8,7.9,5.32,5.2
2019/11/13,0,1,8.3,2.7,11.8,1,0,5.6,0,1011.9,曇後雨、大風を伴う,晴後曇,7.5,6.7,7.79,3.8
2019/11/14,2,0,4.3,-3.2,13.1,5.5,0,5.4,0,1000.2,雪一時曇,雨時々晴後雪,9.5,6.3,8.65,5.7
2019/11/15,9,0,-1.1,-3.5,0,7.5,0,0,0,1007.1,雪時々曇,雪,10,4.9,2.7,1.9
2019/11/16,4,0,-0.3,-1.5,3.2,3,0,3.8,0,1007.5,曇時々雪,雪時々曇一時晴,9.3,4.4,6.68,2.9
2019/11/17,5,0,-0.7,-3.3,3,3,0,5.9,0,1015.4,晴後一時曇,雪後晴,5.5,3.7,8.77,4.4
2019/11/18,0,1,4.3,-2.6,11.1,11,0,0,0,1007.2,薄曇後一時晴,雨時々曇一時みぞれ,9,6.4,0.72,4.7
2019/11/19,2,0,2.1,-3.7,6.7,0,0,7.8,0,1001.9,雪時々曇,晴一時雪,7.3,4.1,10.51,4.2
2019/11/20,3,0,-1.1,-4.2,2,3,0,2.3,0,1011.9,曇一時晴,雪時々晴一時曇,9,3.9,5.76,4.6
2019/11/21,0,1,1.3,-1.5,4,0,0,4.6,0,1023.2,快晴,晴時々曇,6.5,4.2,7.23,3
2019/11/22,0,1,2.7,-2.3,7.6,0,1,8.2,0,1028.8,快晴,快晴,0,4.7,9.4,1.9
2019/11/23,0,1,7,-0.2,13,0,1,8.5,0,1026.1,晴,快晴,0,7.9,9.2,3.8
2019/11/24,0,1,11.8,7.7,16.8,0,1,2.1,0,1013.1,曇後雨,曇後一時晴,9,10.6,5.99,3.8
2019/11/25,7,0,1.4,-0.9,9.2,21,0,0,0,1016.2,曇時々雪一時晴,雪後一時曇、あられを伴う,10,5.8,1.83,6.2
2019/11/26,0,1,-0.1,-3.5,3.2,0,0,4.6,0,1027.3,晴,晴一時曇,4,4.1,7.99,1.4
2019/11/27,0,1,1.5,-2.3,6.9,0.5,0,2.9,0,1017.8,曇後一時晴,曇時々雨後一時みぞれ,7.5,4.8,5.35,4.6
2019/11/28,8,0,-3.5,-5.4,-0.8,5,0,4.2,0,1020.1,曇,晴後雪,9,2.9,6.6,4.5
2019/11/29,4,0,-2.2,-4.9,0.3,1.5,0,1.3,0,1019.6,曇時々雪一時晴,曇時々雪一時晴,7.8,3.7,4.75,1.9
2019/11/30,0,1,0,-3.2,1.9,0.5,0,2.6,0,1021.6,曇一時晴,晴時々曇,8.3,3.7,5.95,3.3
2019/12/1,0,1,2.9,-1,6.8,1,0,0.2,0,1016.3,曇一時雨,雨時々曇、みぞれを伴う,10,6.3,3.62,3.1
2019/12/2,0,1,3.8,1.3,6.6,20.5,0,0,0,1003.6,曇時々雨,雨,9.8,7.4,0.94,2.2
2019/12/3,10,0,-1.2,-4.9,5.1,7,0,1.8,0,1003.7,雪,雪一時晴,9.3,4.3,4.66,3.1
2019/12/4,1,0,-5.1,-6.5,-3,3,0,2.8,0,1007.5,雪時々曇一時晴,雪一時曇,9.8,3,6.99,2.7
2019/12/5,0,1,-3.6,-5.8,-0.6,0,0,7.8,0,1013.9,晴後曇,晴,3.5,2.8,8.6,2.8
2019/12/6,0,1,-3.6,-6.2,-0.5,0,0,3.7,0,1018.6,晴,晴時々曇一時雪,7.3,3.2,5.91,1.3
2019/12/7,4,0,-1,-5.7,3.1,1.5,0,4.3,0,1014.1,雪時々曇後一時晴,晴後曇一時雪,7,4,6.16,3.8
2019/12/8,2,0,-4.6,-6.4,-2.4,1,0,4.7,0,1017.5,雪後晴,雪時々晴一時曇,8.3,2.8,5.81,5.1
2019/12/9,0,1,-1.8,-7.7,2.5,0,0,7.5,0,1023.1,曇後時々雨,晴,5.3,3.4,8.27,3.2
2019/12/10,0,1,6.3,1.5,10.2,0,0,4.3,0,1015,雨後曇,曇時々雨一時晴,9.5,6.9,6.42,3.4
2019/12/11,0,1,6.8,3.4,9.9,1,0,1.8,0,1009.5,雨時々曇一時晴,曇,10,8.6,3.93,2.2
2019/12/12,4,0,2.7,-3.6,10.2,6.5,0,2.3,0,999.5,雪時々曇,雪時々晴一時雨,8,5.6,3.98,6
2019/12/13,0,1,0.1,-3.5,3.3,0,0,4.8,0,1017.2,曇後雪,曇後晴,9,3.6,6.69,3.8
2019/12/14,4,0,1.4,-1.7,4.2,4,0,0,0,1011.3,雪時々曇,雪時々曇、みぞれを伴う,10,5.4,2.73,4.4
2019/12/15,1,0,-1.6,-4.1,0.1,0.5,0,1,0,1021.2,曇一時晴,雪時々曇,6.8,3.5,3.5,5.4
2019/12/16,0,1,0.9,-4.6,5.4,0,0,2.9,0,1019.6,晴後薄曇,曇時々雨一時晴、みぞれを伴う,7.5,5.2,5.08,2.4
2019/12/17,0,1,5.4,-0.3,8.7,0.5,0,0,0,1009.1,雨時々曇,曇後時々雨,10,7.4,2,3.9
2019/12/18,0,1,1.5,-1.6,6.2,0.5,0,1.3,0,1008.7,晴時々曇一時雪,雪時々曇、みぞれを伴う,9.5,5,3.79,5.4
2019/12/19,0,1,-1.9,-4,0,0,0,,0,1016.1,曇一時雪,晴時々曇一時雪,7.3,3.3,,1.6
2019/12/20,2,0,-3.3,-5,-1.6,1.5,0,1.1,0,1015.4,曇,雪時々曇一時晴,8,3.3,3.7,3.6
2019/12/21,1,0,-1.3,-4.5,2.1,0,0,4.9,0,1017.1,雪時々曇後晴,曇,9.8,3.6,6.58,2.8
2019/12/22,0,1,-2.1,-5.2,-0.2,0.5,0,2.9,0,1017.6,晴,晴後時々雪,4.5,3.6,3.86,2.7
2019/12/23,0,1,-3.7,-6.7,-1,0,0,3.2,0,1013.5,曇一時雪,曇,6.5,3.3,5.38,2.3
2019/12/24,0,1,-5,-6.3,-3.2,0.5,0,3.5,0,1016.9,晴,晴一時雪,6.3,2.5,5.92,4.3
2019/12/25,2,0,-3.4,-5.6,-1,0,0,4.6,0,1019,雪一時曇,晴後曇一時雪,7.8,3,5.62,2.2
2019/12/26,6,0,-2.9,-6,-1,1,0,1.8,0,1013.3,雪一時曇,曇一時雪,9.8,3.9,4.79,1.4
2019/12/27,2,0,-2.7,-4.5,-0.8,0.5,0,0,0,1006.7,曇時々雪,曇時々雪,9.8,3.6,3.05,2.9
2019/12/28,13,0,-4.7,-6.9,-2.3,6.5,0,1.8,0,1017.8,曇時々晴,雪後曇一時晴、あられを伴う,9,3.4,5.09,1.7
2019/12/29,0,1,-2.9,-6.4,-0.3,0,1,5.3,0,1024.5,晴後曇,曇後晴,5,2.9,7.74,3.2
2019/12/30,0,1,1.5,-5.8,7.4,1,0,1.6,0,1016.5,雨一時曇,曇後雨,10,5.4,4.73,6.1
2019/12/31,2,0,-1.1,-7.1,8.1,3.5,0,3.8,0,1003,雪一時曇,雪一時曇後晴、みぞれを伴う,7.8,4.5,5.23,4.8
